-- MySQL Script generated by MySQL Workbench
-- Mon May 14 15:26:14 2018
-- Model: New Model    Version: 1.0
-- MySQL Workbench Forward Engineering

SET @OLD_UNIQUE_CHECKS=@@UNIQUE_CHECKS, UNIQUE_CHECKS=0;
SET @OLD_FOREIGN_KEY_CHECKS=@@FOREIGN_KEY_CHECKS, FOREIGN_KEY_CHECKS=0;
SET @OLD_SQL_MODE=@@SQL_MODE, SQL_MODE='TRADITIONAL,ALLOW_INVALID_DATES';

-- -----------------------------------------------------
-- Schema mydb
-- -----------------------------------------------------
-- -----------------------------------------------------
-- Schema tpo
-- -----------------------------------------------------
DROP SCHEMA IF EXISTS `tpo` ;

-- -----------------------------------------------------
-- Schema tpo
-- -----------------------------------------------------
CREATE SCHEMA IF NOT EXISTS `tpo` DEFAULT CHARACTER SET utf8 ;
USE `tpo` ;

-- -----------------------------------------------------
-- Table `tpo`.`del_predmetnika`
-- -----------------------------------------------------
DROP TABLE IF EXISTS `tpo`.`del_predmetnika` ;

CREATE TABLE IF NOT EXISTS `tpo`.`del_predmetnika` (
  `ID_DELPREDMETNIKA` INT(11) NOT NULL AUTO_INCREMENT,
  `NAZIV_DELAPREDMETNIKA` CHAR(50) CHARACTER SET 'utf8' COLLATE 'utf8_slovenian_ci' NOT NULL,
  `SKUPNOSTEVILOKT` INT(11) NOT NULL,
  `TIP` CHAR(2) CHARACTER SET 'utf8' COLLATE 'utf8_slovenian_ci' NOT NULL,
  `AKTIVNOST` INT(11) NOT NULL,
  PRIMARY KEY (`ID_DELPREDMETNIKA`))
ENGINE = InnoDB
AUTO_INCREMENT = 16
DEFAULT CHARACTER SET = utf8
COLLATE = utf8_slovenian_ci;


-- -----------------------------------------------------
-- Table `tpo`.`drzava`
-- -----------------------------------------------------
DROP TABLE IF EXISTS `tpo`.`drzava` ;

CREATE TABLE IF NOT EXISTS `tpo`.`drzava` (
  `ID_DRZAVA` INT(11) NOT NULL AUTO_INCREMENT,
  `DVOMESTNAKODA` CHAR(2) CHARACTER SET 'utf8' COLLATE 'utf8_slovenian_ci' NOT NULL,
  `TRIMESTNAKODA` CHAR(3) CHARACTER SET 'utf8' COLLATE 'utf8_slovenian_ci' NOT NULL,
  `ISONAZIV` CHAR(50) CHARACTER SET 'utf8' COLLATE 'utf8_slovenian_ci' NOT NULL,
  `SLOVENSKINAZIV` CHAR(50) CHARACTER SET 'utf8' COLLATE 'utf8_slovenian_ci' NULL DEFAULT NULL,
  `OPOMBA` CHAR(200) CHARACTER SET 'utf8' COLLATE 'utf8_slovenian_ci' NULL DEFAULT NULL,
  `AKTIVNOST` INT(11) NOT NULL,
  PRIMARY KEY (`ID_DRZAVA`))
ENGINE = InnoDB
AUTO_INCREMENT = 896
DEFAULT CHARACTER SET = utf8
COLLATE = utf8_slovenian_ci;


-- -----------------------------------------------------
-- Table `tpo`.`predmet`
-- -----------------------------------------------------
DROP TABLE IF EXISTS `tpo`.`predmet` ;

CREATE TABLE IF NOT EXISTS `tpo`.`predmet` (
  `ID_PREDMET` INT(11) NOT NULL AUTO_INCREMENT,
  `IME_PREDMET` CHAR(50) CHARACTER SET 'utf8' COLLATE 'utf8_slovenian_ci' NOT NULL,
  `AKTIVNOST` INT(11) NOT NULL,
  `ST_KREDITNIH_TOCK` INT(11) NOT NULL DEFAULT '6',
  PRIMARY KEY (`ID_PREDMET`))
ENGINE = InnoDB
AUTO_INCREMENT = 55
DEFAULT CHARACTER SET = utf8
COLLATE = utf8_slovenian_ci;


-- -----------------------------------------------------
-- Table `tpo`.`studijsko_leto`
-- -----------------------------------------------------
DROP TABLE IF EXISTS `tpo`.`studijsko_leto` ;

CREATE TABLE IF NOT EXISTS `tpo`.`studijsko_leto` (
  `ID_STUD_LETO` INT(11) NOT NULL AUTO_INCREMENT,
  `STUD_LETO` CHAR(10) CHARACTER SET 'utf8' COLLATE 'utf8_slovenian_ci' NOT NULL,
  PRIMARY KEY (`ID_STUD_LETO`))
ENGINE = InnoDB
AUTO_INCREMENT = 9
DEFAULT CHARACTER SET = utf8
COLLATE = utf8_slovenian_ci;


-- -----------------------------------------------------
-- Table `tpo`.`oseba`
-- -----------------------------------------------------
DROP TABLE IF EXISTS `tpo`.`oseba` ;

CREATE TABLE IF NOT EXISTS `tpo`.`oseba` (
  `ID_OSEBA` INT(11) NOT NULL AUTO_INCREMENT,
  `IME` CHAR(50) CHARACTER SET 'utf8' COLLATE 'utf8_slovenian_ci' NOT NULL,
  `PRIIMEK` CHAR(50) CHARACTER SET 'utf8' COLLATE 'utf8_slovenian_ci' NOT NULL,
  `EMAIL` CHAR(30) CHARACTER SET 'utf8' COLLATE 'utf8_slovenian_ci' NOT NULL,
  `UPORABNISKO_IME` CHAR(10) CHARACTER SET 'utf8' COLLATE 'utf8_slovenian_ci' NOT NULL,
  `GESLO` CHAR(60) CHARACTER SET 'utf8' COLLATE 'utf8_slovenian_ci' NOT NULL,
  `VRSTA_VLOGE` CHAR(1) CHARACTER SET 'utf8' COLLATE 'utf8_slovenian_ci' NOT NULL,
  `TELEFONSKA_STEVILKA` CHAR(20) CHARACTER SET 'utf8' COLLATE 'utf8_slovenian_ci' NULL DEFAULT NULL,
  `resetPwToken` VARCHAR(40) CHARACTER SET 'utf8' COLLATE 'utf8_slovenian_ci' NULL DEFAULT NULL,
  `resetPwExpiration` INT(11) NULL DEFAULT NULL,
  `resetPwUsed` TINYINT(1) NULL DEFAULT NULL,
  PRIMARY KEY (`ID_OSEBA`))
ENGINE = InnoDB
AUTO_INCREMENT = 29
DEFAULT CHARACTER SET = utf8
COLLATE = utf8_slovenian_ci;


-- -----------------------------------------------------
-- Table `tpo`.`izvedba_predmeta`
-- -----------------------------------------------------
DROP TABLE IF EXISTS `tpo`.`izvedba_predmeta` ;

CREATE TABLE IF NOT EXISTS `tpo`.`izvedba_predmeta` (
  `ID_IZVEDBA` INT(11) NOT NULL AUTO_INCREMENT,
  `ID_STUD_LETO` INT(11) NOT NULL,
  `ID_OSEBA1` INT(11) NOT NULL,
  `ID_OSEBA2` INT(11) NULL DEFAULT NULL,
  `ID_OSEBA3` INT(11) NULL DEFAULT NULL,
  `ID_PREDMET` INT(11) NOT NULL,
  PRIMARY KEY (`ID_IZVEDBA`),
  CONSTRAINT `FK_RELATIONSHIP_18`
    FOREIGN KEY (`ID_PREDMET`)
    REFERENCES `tpo`.`predmet` (`ID_PREDMET`),
  CONSTRAINT `FK_RELATIONSHIP_19`
    FOREIGN KEY (`ID_STUD_LETO`)
    REFERENCES `tpo`.`studijsko_leto` (`ID_STUD_LETO`),
  CONSTRAINT `Je_UCITELJ1`
    FOREIGN KEY (`ID_OSEBA1`)
    REFERENCES `tpo`.`oseba` (`ID_OSEBA`),
  CONSTRAINT `Je_UCITELJ2`
    FOREIGN KEY (`ID_OSEBA2`)
    REFERENCES `tpo`.`oseba` (`ID_OSEBA`),
  CONSTRAINT `Je_UCITELJ3`
    FOREIGN KEY (`ID_OSEBA3`)
    REFERENCES `tpo`.`oseba` (`ID_OSEBA`))
ENGINE = InnoDB
AUTO_INCREMENT = 13
DEFAULT CHARACTER SET = utf8
COLLATE = utf8_slovenian_ci;

CREATE INDEX `FK_RELATIONSHIP_18` ON `tpo`.`izvedba_predmeta` (`ID_PREDMET` ASC);

CREATE INDEX `FK_RELATIONSHIP_19` ON `tpo`.`izvedba_predmeta` (`ID_STUD_LETO` ASC);

CREATE INDEX `2131_idx` ON `tpo`.`izvedba_predmeta` (`ID_OSEBA1` ASC);

CREATE INDEX `Je_UCITELJ2_idx` ON `tpo`.`izvedba_predmeta` (`ID_OSEBA2` ASC);

CREATE INDEX `Je_UCITELJ3_idx` ON `tpo`.`izvedba_predmeta` (`ID_OSEBA3` ASC);


-- -----------------------------------------------------
-- Table `tpo`.`stopnja`
-- -----------------------------------------------------
DROP TABLE IF EXISTS `tpo`.`stopnja` ;

CREATE TABLE IF NOT EXISTS `tpo`.`stopnja` (
  `ID_STOPNJA` INT(11) NOT NULL AUTO_INCREMENT,
  `NAZIV` CHAR(50) CHARACTER SET 'utf8' COLLATE 'utf8_slovenian_ci' NOT NULL,
  `MOZEN_VPIS` INT(11) NOT NULL,
  `SIFRA` CHAR(10) CHARACTER SET 'utf8' COLLATE 'utf8_slovenian_ci' NOT NULL,
  PRIMARY KEY (`ID_STOPNJA`))
ENGINE = InnoDB
AUTO_INCREMENT = 9
DEFAULT CHARACTER SET = utf8
COLLATE = utf8_slovenian_ci;


-- -----------------------------------------------------
-- Table `tpo`.`program`
-- -----------------------------------------------------
DROP TABLE IF EXISTS `tpo`.`program` ;

CREATE TABLE IF NOT EXISTS `tpo`.`program` (
  `ID_PROGRAM` INT(11) NOT NULL AUTO_INCREMENT,
  `ID_STOPNJA` INT(11) NOT NULL,
  `SIFRA_PROGRAM` CHAR(15) CHARACTER SET 'utf8' COLLATE 'utf8_slovenian_ci' NOT NULL,
  `NAZIV_PROGRAM` CHAR(100) CHARACTER SET 'utf8' COLLATE 'utf8_slovenian_ci' NOT NULL,
  `ST_SEMESTROV` INT(11) NOT NULL,
  `SIFRA_EVS` INT(11) NULL DEFAULT NULL,
  `AKTIVNOST` INT(11) NOT NULL,
  PRIMARY KEY (`ID_PROGRAM`),
  CONSTRAINT `FK_STOPNJA`
    FOREIGN KEY (`ID_STOPNJA`)
    REFERENCES `tpo`.`stopnja` (`ID_STOPNJA`))
ENGINE = InnoDB
AUTO_INCREMENT = 21
DEFAULT CHARACTER SET = utf8
COLLATE = utf8_slovenian_ci;

CREATE INDEX `FK_STOPNJA_idx` ON `tpo`.`program` (`ID_STOPNJA` ASC);


-- -----------------------------------------------------
-- Table `tpo`.`kandidat`
-- -----------------------------------------------------
DROP TABLE IF EXISTS `tpo`.`kandidat` ;

CREATE TABLE IF NOT EXISTS `tpo`.`kandidat` (
  `ID_KANDIDAT` INT(11) NOT NULL AUTO_INCREMENT,
  `ID_PROGRAM` INT(11) NOT NULL,
  `ID_OSEBA` INT(11) NOT NULL,
  `ID_STUD_LETO` INT(11) NOT NULL,
  `IZKORISCEN` INT(11) NOT NULL,
  `EMSO` INT(11) NULL DEFAULT NULL,
  `VPISNA_STEVILKA` INT(11) NULL DEFAULT NULL,
  PRIMARY KEY (`ID_KANDIDAT`),
  CONSTRAINT `FK_OSEBAID`
    FOREIGN KEY (`ID_OSEBA`)
    REFERENCES `tpo`.`oseba` (`ID_OSEBA`)
    ON DELETE NO ACTION
    ON UPDATE NO ACTION,
  CONSTRAINT `FK_PROGRAM_2`
    FOREIGN KEY (`ID_PROGRAM`)
    REFERENCES `tpo`.`program` (`ID_PROGRAM`)
    ON DELETE NO ACTION
    ON UPDATE NO ACTION,
  CONSTRAINT `FK_STUDLETOID`
    FOREIGN KEY (`ID_STUD_LETO`)
    REFERENCES `tpo`.`studijsko_leto` (`ID_STUD_LETO`)
    ON DELETE NO ACTION
    ON UPDATE NO ACTION)
ENGINE = InnoDB
AUTO_INCREMENT = 4
DEFAULT CHARACTER SET = utf8
COLLATE = utf8_slovenian_ci;

CREATE INDEX `FK_PROGRAM_idx` ON `tpo`.`kandidat` (`ID_PROGRAM` ASC);

CREATE INDEX `FK_OSEBAID_idx` ON `tpo`.`kandidat` (`ID_OSEBA` ASC);

CREATE INDEX `FK_STUDLETOID_idx` ON `tpo`.`kandidat` (`ID_STUD_LETO` ASC);


-- -----------------------------------------------------
-- Table `tpo`.`letnik`
-- -----------------------------------------------------
DROP TABLE IF EXISTS `tpo`.`letnik` ;

CREATE TABLE IF NOT EXISTS `tpo`.`letnik` (
  `ID_LETNIK` INT(11) NOT NULL AUTO_INCREMENT,
  `LETNIK` INT(11) NOT NULL,
  PRIMARY KEY (`ID_LETNIK`))
ENGINE = InnoDB
AUTO_INCREMENT = 7
DEFAULT CHARACTER SET = utf8
COLLATE = utf8_slovenian_ci;


-- -----------------------------------------------------
-- Table `tpo`.`nacin_studija`
-- -----------------------------------------------------
DROP TABLE IF EXISTS `tpo`.`nacin_studija` ;

CREATE TABLE IF NOT EXISTS `tpo`.`nacin_studija` (
  `ID_NACIN` INT(11) NOT NULL AUTO_INCREMENT,
  `OPIS_NACIN` CHAR(50) CHARACTER SET 'utf8' COLLATE 'utf8_slovenian_ci' NOT NULL,
  `ANG_OPIS_NACIN` CHAR(50) CHARACTER SET 'utf8' COLLATE 'utf8_slovenian_ci' NULL DEFAULT NULL,
  `AKTIVNOST` INT(11) NOT NULL,
  PRIMARY KEY (`ID_NACIN`))
ENGINE = InnoDB
AUTO_INCREMENT = 4
DEFAULT CHARACTER SET = utf8
COLLATE = utf8_slovenian_ci;


-- -----------------------------------------------------
-- Table `tpo`.`posta`
-- -----------------------------------------------------
DROP TABLE IF EXISTS `tpo`.`posta` ;

CREATE TABLE IF NOT EXISTS `tpo`.`posta` (
  `ID_POSTA` INT(11) NOT NULL AUTO_INCREMENT,
  `ST_POSTA` CHAR(4) CHARACTER SET 'utf8' COLLATE 'utf8_slovenian_ci' NULL DEFAULT NULL,
  `KRAJ` CHAR(30) CHARACTER SET 'utf8' COLLATE 'utf8_slovenian_ci' NOT NULL,
  `AKTIVNOST` INT(11) NOT NULL,
  PRIMARY KEY (`ID_POSTA`))
ENGINE = InnoDB
AUTO_INCREMENT = 470
DEFAULT CHARACTER SET = utf8
COLLATE = utf8_slovenian_ci;


-- -----------------------------------------------------
-- Table `tpo`.`obcina`
-- -----------------------------------------------------
DROP TABLE IF EXISTS `tpo`.`obcina` ;

CREATE TABLE IF NOT EXISTS `tpo`.`obcina` (
  `ID_OBCINA` INT(11) NOT NULL AUTO_INCREMENT,
  `IME_OBCINA` CHAR(50) CHARACTER SET 'utf8' COLLATE 'utf8_slovenian_ci' NOT NULL,
  `AKTIVNOST` INT(11) NULL DEFAULT NULL,
  PRIMARY KEY (`ID_OBCINA`))
ENGINE = InnoDB
AUTO_INCREMENT = 214
DEFAULT CHARACTER SET = utf8
COLLATE = utf8_slovenian_ci;


-- -----------------------------------------------------
-- Table `tpo`.`naslov`
-- -----------------------------------------------------
DROP TABLE IF EXISTS `tpo`.`naslov` ;

CREATE TABLE IF NOT EXISTS `tpo`.`naslov` (
  `ID_NASLOV` INT(11) NOT NULL AUTO_INCREMENT,
  `ID_POSTA` INT(11) NOT NULL,
  `ID_OBCINA` INT(11) NULL DEFAULT NULL,
  `ID_DRZAVA` INT(11) NOT NULL,
  `ID_OSEBA` INT(11) NULL DEFAULT NULL,
  `JE_ZAVROCANJE` INT(11) NULL DEFAULT NULL,
  `JE_STALNI` INT(11) NULL DEFAULT NULL,
  `ULICA` CHAR(50) CHARACTER SET 'utf8' COLLATE 'utf8_slovenian_ci' NULL DEFAULT NULL,
  `HISNA_STEVILKA` CHAR(50) CHARACTER SET 'utf8' COLLATE 'utf8_slovenian_ci' NULL DEFAULT NULL,
  PRIMARY KEY (`ID_NASLOV`),
  CONSTRAINT `FK_RELATIONSHIP_30`
    FOREIGN KEY (`ID_POSTA`)
    REFERENCES `tpo`.`posta` (`ID_POSTA`),
  CONSTRAINT `FK_RELATIONSHIP_31`
    FOREIGN KEY (`ID_OBCINA`)
    REFERENCES `tpo`.`obcina` (`ID_OBCINA`),
  CONSTRAINT `FK_RELATIONSHIP_32`
    FOREIGN KEY (`ID_OSEBA`)
    REFERENCES `tpo`.`oseba` (`ID_OSEBA`),
  CONSTRAINT `FK_RELATIONSHIP_33`
    FOREIGN KEY (`ID_DRZAVA`)
    REFERENCES `tpo`.`drzava` (`ID_DRZAVA`))
ENGINE = InnoDB
AUTO_INCREMENT = 5
DEFAULT CHARACTER SET = utf8
COLLATE = utf8_slovenian_ci;

CREATE INDEX `FK_RELATIONSHIP_30` ON `tpo`.`naslov` (`ID_POSTA` ASC);

CREATE INDEX `FK_RELATIONSHIP_31` ON `tpo`.`naslov` (`ID_OBCINA` ASC);

CREATE INDEX `FK_RELATIONSHIP_33` ON `tpo`.`naslov` (`ID_DRZAVA` ASC);

CREATE INDEX `FK_RELATIONSHIP_32_idx` ON `tpo`.`naslov` (`ID_OSEBA` ASC);


-- -----------------------------------------------------
-- Table `tpo`.`oblika_studija`
-- -----------------------------------------------------
DROP TABLE IF EXISTS `tpo`.`oblika_studija` ;

CREATE TABLE IF NOT EXISTS `tpo`.`oblika_studija` (
  `ID_OBLIKA` INT(11) NOT NULL AUTO_INCREMENT,
  `NAZIV_OBLIKA` CHAR(50) CHARACTER SET 'utf8' COLLATE 'utf8_slovenian_ci' NOT NULL,
  `ANG_OPIS_OBLIKA` CHAR(50) CHARACTER SET 'utf8' COLLATE 'utf8_slovenian_ci' NULL DEFAULT NULL,
  `AKTIVNOST` INT(11) NOT NULL,
  PRIMARY KEY (`ID_OBLIKA`))
ENGINE = InnoDB
AUTO_INCREMENT = 4
DEFAULT CHARACTER SET = utf8
COLLATE = utf8_slovenian_ci;


-- -----------------------------------------------------
-- Table `tpo`.`vrsta_vpisa`
-- -----------------------------------------------------
DROP TABLE IF EXISTS `tpo`.`vrsta_vpisa` ;

CREATE TABLE IF NOT EXISTS `tpo`.`vrsta_vpisa` (
  `ID_VRSTAVPISA` INT(11) NOT NULL AUTO_INCREMENT,
  `OPIS_VPISA` CHAR(30) CHARACTER SET 'utf8' COLLATE 'utf8_slovenian_ci' NOT NULL,
  `AKTIVNOST` INT(11) NOT NULL,
  PRIMARY KEY (`ID_VRSTAVPISA`))
ENGINE = InnoDB
AUTO_INCREMENT = 4
DEFAULT CHARACTER SET = utf8
COLLATE = utf8_slovenian_ci;


-- -----------------------------------------------------
-- Table `tpo`.`vpis`
-- -----------------------------------------------------
DROP TABLE IF EXISTS `tpo`.`vpis` ;

CREATE TABLE IF NOT EXISTS `tpo`.`vpis` (
  `ID_VPIS` INT(11) NOT NULL AUTO_INCREMENT,
  `ID_PROGRAM` INT(11) NOT NULL,
  `ID_NACIN` INT(11) NOT NULL,
  `ID_STUD_LETO` INT(11) NOT NULL,
  `ID_VRSTAVPISA` INT(11) NOT NULL,
  `ID_OBLIKA` INT(11) NOT NULL,
  `ID_LETNIK` INT(11) NOT NULL,
  `POTRJENOST_VPISA` INT(11) NOT NULL,
  `VPISNA_STEVILKA` INT(11) NULL DEFAULT NULL,
  PRIMARY KEY (`ID_VPIS`),
  CONSTRAINT `FK_RELATIONSHIP_10`
    FOREIGN KEY (`ID_OBLIKA`)
    REFERENCES `tpo`.`oblika_studija` (`ID_OBLIKA`),
  CONSTRAINT `FK_RELATIONSHIP_11`
    FOREIGN KEY (`ID_LETNIK`)
    REFERENCES `tpo`.`letnik` (`ID_LETNIK`),
  CONSTRAINT `FK_RELATIONSHIP_12`
    FOREIGN KEY (`ID_PROGRAM`)
    REFERENCES `tpo`.`program` (`ID_PROGRAM`),
  CONSTRAINT `FK_RELATIONSHIP_16`
    FOREIGN KEY (`ID_STUD_LETO`)
    REFERENCES `tpo`.`studijsko_leto` (`ID_STUD_LETO`),
  CONSTRAINT `FK_RELATIONSHIP_8`
    FOREIGN KEY (`ID_VRSTAVPISA`)
    REFERENCES `tpo`.`vrsta_vpisa` (`ID_VRSTAVPISA`),
  CONSTRAINT `FK_RELATIONSHIP_9`
    FOREIGN KEY (`ID_NACIN`)
    REFERENCES `tpo`.`nacin_studija` (`ID_NACIN`))
ENGINE = InnoDB
AUTO_INCREMENT = 22
DEFAULT CHARACTER SET = utf8
COLLATE = utf8_slovenian_ci;

CREATE INDEX `FK_RELATIONSHIP_10` ON `tpo`.`vpis` (`ID_OBLIKA` ASC);

CREATE INDEX `FK_RELATIONSHIP_11` ON `tpo`.`vpis` (`ID_LETNIK` ASC);

CREATE INDEX `FK_RELATIONSHIP_12` ON `tpo`.`vpis` (`ID_PROGRAM` ASC);

CREATE INDEX `FK_RELATIONSHIP_16` ON `tpo`.`vpis` (`ID_STUD_LETO` ASC);

CREATE INDEX `FK_RELATIONSHIP_8` ON `tpo`.`vpis` (`ID_VRSTAVPISA` ASC);

CREATE INDEX `FK_RELATIONSHIP_9` ON `tpo`.`vpis` (`ID_NACIN` ASC);


-- -----------------------------------------------------
-- Table `tpo`.`student`
-- -----------------------------------------------------
DROP TABLE IF EXISTS `tpo`.`student` ;

CREATE TABLE IF NOT EXISTS `tpo`.`student` (
  `VPISNA_STEVILKA` INT(11) NOT NULL,
  `ID_OSEBA` INT(11) NOT NULL,
  `ID_KANDIDAT` INT(11) NULL DEFAULT NULL,
  `ID_VPIS` INT(11) NULL DEFAULT NULL,
  `EMSO` CHAR(20) CHARACTER SET 'utf8' COLLATE 'utf8_slovenian_ci' NULL DEFAULT NULL,
  `ID_PROGRAM` INT(11) NULL DEFAULT NULL,
  `VSOTA_OPRAVLJENIH_KREDITNIH_TOCK` INT(11) NOT NULL DEFAULT '0',
  `POVPRECNA_OCENA_OPRAVLJENIH_IZPITOV` FLOAT NOT NULL DEFAULT '0',
  PRIMARY KEY (`VPISNA_STEVILKA`),
  CONSTRAINT `FK_INHERITANCE_3`
    FOREIGN KEY (`ID_OSEBA`)
    REFERENCES `tpo`.`oseba` (`ID_OSEBA`),
  CONSTRAINT `FK_PROGRAM_1`
    FOREIGN KEY (`ID_PROGRAM`)
    REFERENCES `tpo`.`program` (`ID_PROGRAM`)
    ON DELETE NO ACTION
    ON UPDATE NO ACTION,
  CONSTRAINT `FK_RELATIONSHIP_5`
    FOREIGN KEY (`ID_KANDIDAT`)
    REFERENCES `tpo`.`kandidat` (`ID_KANDIDAT`),
  CONSTRAINT `FK_RELATIONSHIP_6`
    FOREIGN KEY (`ID_VPIS`)
    REFERENCES `tpo`.`vpis` (`ID_VPIS`))
ENGINE = InnoDB
DEFAULT CHARACTER SET = utf8
COLLATE = utf8_slovenian_ci;

CREATE INDEX `FK_INHERITANCE_3` ON `tpo`.`student` (`ID_OSEBA` ASC);

CREATE INDEX `FK_RELATIONSHIP_5` ON `tpo`.`student` (`ID_KANDIDAT` ASC);

CREATE INDEX `FK_RELATIONSHIP_6` ON `tpo`.`student` (`ID_VPIS` ASC);

CREATE INDEX `FK_PROGRAM_idx` ON `tpo`.`student` (`ID_PROGRAM` ASC);


-- -----------------------------------------------------
-- Table `tpo`.`predmeti_studenta`
-- -----------------------------------------------------
DROP TABLE IF EXISTS `tpo`.`predmeti_studenta` ;

CREATE TABLE IF NOT EXISTS `tpo`.`predmeti_studenta` (
  `ID_PREDMETISTUDENTA` INT(11) NOT NULL AUTO_INCREMENT,
  `VPISNA_STEVILKA` INT(11) NOT NULL,
  `ID_PREDMET` INT(11) NOT NULL,
  `ID_STUD_LETO` INT(11) NOT NULL,
  `OCENA` INT(11) NOT NULL DEFAULT '-1',
  PRIMARY KEY (`ID_PREDMETISTUDENTA`),
  CONSTRAINT `FK_RELATIONSHIP_23`
    FOREIGN KEY (`VPISNA_STEVILKA`)
    REFERENCES `tpo`.`student` (`VPISNA_STEVILKA`),
  CONSTRAINT `FK_RELATIONSHIP_24`
    FOREIGN KEY (`ID_PREDMET`)
    REFERENCES `tpo`.`predmet` (`ID_PREDMET`),
  CONSTRAINT `FK_STUD_LETO_2`
    FOREIGN KEY (`ID_STUD_LETO`)
    REFERENCES `tpo`.`studijsko_leto` (`ID_STUD_LETO`)
    ON DELETE NO ACTION
    ON UPDATE NO ACTION)
ENGINE = InnoDB
AUTO_INCREMENT = 169
DEFAULT CHARACTER SET = utf8
COLLATE = utf8_slovenian_ci;

CREATE INDEX `FK_RELATIONSHIP_23` ON `tpo`.`predmeti_studenta` (`VPISNA_STEVILKA` ASC);

CREATE INDEX `FK_RELATIONSHIP_24` ON `tpo`.`predmeti_studenta` (`ID_PREDMET` ASC);

CREATE INDEX `FK_STUD_LETO_idx` ON `tpo`.`predmeti_studenta` (`ID_STUD_LETO` ASC);


-- -----------------------------------------------------
-- Table `tpo`.`predmetnik`
-- -----------------------------------------------------
DROP TABLE IF EXISTS `tpo`.`predmetnik` ;

CREATE TABLE IF NOT EXISTS `tpo`.`predmetnik` (
  `ID_PREDMETNIK` INT(11) NOT NULL AUTO_INCREMENT,
  `ID_PREDMET` INT(11) NOT NULL,
  `ID_DELPREDMETNIKA` INT(11) NOT NULL,
  `ID_LETNIK` INT(11) NOT NULL,
  `ID_STUD_LETO` INT(11) NOT NULL,
  `ID_PROGRAM` INT(11) NOT NULL,
  `AKTIVNOST` INT(11) NOT NULL,
  PRIMARY KEY (`ID_PREDMETNIK`),
  CONSTRAINT `FK_DELPREDMETNIKA`
    FOREIGN KEY (`ID_DELPREDMETNIKA`)
    REFERENCES `tpo`.`del_predmetnika` (`ID_DELPREDMETNIKA`)
    ON DELETE NO ACTION
    ON UPDATE NO ACTION,
  CONSTRAINT `FK_PREDMET`
    FOREIGN KEY (`ID_PREDMET`)
    REFERENCES `tpo`.`predmet` (`ID_PREDMET`)
    ON DELETE NO ACTION
    ON UPDATE NO ACTION,
  CONSTRAINT `FK_RELATIONSHIP_13`
    FOREIGN KEY (`ID_PROGRAM`)
    REFERENCES `tpo`.`program` (`ID_PROGRAM`),
  CONSTRAINT `FK_RELATIONSHIP_14`
    FOREIGN KEY (`ID_LETNIK`)
    REFERENCES `tpo`.`letnik` (`ID_LETNIK`),
  CONSTRAINT `FK_RELATIONSHIP_17`
    FOREIGN KEY (`ID_STUD_LETO`)
    REFERENCES `tpo`.`studijsko_leto` (`ID_STUD_LETO`))
ENGINE = InnoDB
AUTO_INCREMENT = 171
DEFAULT CHARACTER SET = utf8
COLLATE = utf8_slovenian_ci;

CREATE INDEX `FK_RELATIONSHIP_13` ON `tpo`.`predmetnik` (`ID_PROGRAM` ASC);

CREATE INDEX `FK_RELATIONSHIP_14` ON `tpo`.`predmetnik` (`ID_LETNIK` ASC);

CREATE INDEX `FK_RELATIONSHIP_17` ON `tpo`.`predmetnik` (`ID_STUD_LETO` ASC);

CREATE INDEX `FK_PREDMET_idx` ON `tpo`.`predmetnik` (`ID_PREDMET` ASC);

CREATE INDEX `FK_DELPREDMETNIKA_idx` ON `tpo`.`predmetnik` (`ID_DELPREDMETNIKA` ASC);


-- -----------------------------------------------------
-- Table `tpo`.`rok`
-- -----------------------------------------------------
DROP TABLE IF EXISTS `tpo`.`rok` ;

CREATE TABLE IF NOT EXISTS `tpo`.`rok` (
  `ID_ROK` INT(11) NOT NULL AUTO_INCREMENT,
  `ID_IZVEDBA` INT(11) NOT NULL,
  `DATUM_ROKA` DATE NOT NULL,
  `CAS_ROKA` TIME NOT NULL,
  `AKTIVNOST` INT(11) NULL DEFAULT NULL,
  PRIMARY KEY (`ID_ROK`),
  CONSTRAINT `FK_RELATIONSHIP_25`
    FOREIGN KEY (`ID_IZVEDBA`)
    REFERENCES `tpo`.`izvedba_predmeta` (`ID_IZVEDBA`))
ENGINE = InnoDB
AUTO_INCREMENT = 5
DEFAULT CHARACTER SET = utf8
COLLATE = utf8_slovenian_ci;

CREATE INDEX `FK_RELATIONSHIP_25` ON `tpo`.`rok` (`ID_IZVEDBA` ASC);


-- -----------------------------------------------------
-- Table `tpo`.`prijava`
-- -----------------------------------------------------
DROP TABLE IF EXISTS `tpo`.`prijava` ;

CREATE TABLE IF NOT EXISTS `tpo`.`prijava` (
  `ID_PRIJAVA` INT(11) NOT NULL AUTO_INCREMENT,
  `ID_ROK` INT(11) NOT NULL,
  `ID_PREDMET` INT(11) NOT NULL,
  `VPISNA_STEVILKA` INT(11) NOT NULL,
  `ZAP_ST_POLAGANJ` INT(11) NOT NULL DEFAULT 0,
  `PODATKI_O_PLACILU` CHAR(50) CHARACTER SET 'utf8' COLLATE 'utf8_slovenian_ci' NULL DEFAULT NULL,
  `TOCKE_IZPITA` INT(11) NULL DEFAULT NULL,
  `DATUM_PRIJAVE` DATE NULL,
  `DATUM_ODJAVE` DATE NULL,
  PRIMARY KEY (`ID_PRIJAVA`),
  CONSTRAINT `FK_RELATIONSHIP_26`
    FOREIGN KEY (`ID_ROK`)
    REFERENCES `tpo`.`rok` (`ID_ROK`),
  CONSTRAINT `FK_RELATIONSHIP_99`
    FOREIGN KEY (`ID_PREDMET`)
    REFERENCES `tpo`.`predmet` (`ID_PREDMET`)
    ON DELETE NO ACTION
    ON UPDATE NO ACTION,
  CONSTRAINT `FK_RELATIONSHIP_100`
    FOREIGN KEY (`VPISNA_STEVILKA`)
    REFERENCES `tpo`.`student` (`VPISNA_STEVILKA`)
    ON DELETE NO ACTION
    ON UPDATE NO ACTION)
ENGINE = InnoDB
DEFAULT CHARACTER SET = utf8
COLLATE = utf8_slovenian_ci;

CREATE INDEX `FK_RELATIONSHIP_26` ON `tpo`.`prijava` (`ID_ROK` ASC);

CREATE INDEX `FK_REALTIONSHIP_99_idx` ON `tpo`.`prijava` (`ID_PREDMET` ASC);

CREATE INDEX `FK_RELATIONSHIP_100_idx` ON `tpo`.`prijava` (`VPISNA_STEVILKA` ASC);


-- -----------------------------------------------------
-- Table `tpo`.`zeton`
-- -----------------------------------------------------
DROP TABLE IF EXISTS `tpo`.`zeton` ;

CREATE TABLE IF NOT EXISTS `tpo`.`zeton` (
  `ID_ZETON` INT(11) NOT NULL AUTO_INCREMENT,
  `ID_OSEBA` INT(11) NOT NULL,
  `ID_LETNIK` INT(11) NOT NULL,
  `ID_STUD_LETO` INT(11) NOT NULL,
  `IZKORISCEN` INT(11) NULL DEFAULT '0',
  `AKTIVNOST` INT(11) NULL DEFAULT '1',
  `ID_OBLIKA` INT(11) NOT NULL,
  `ID_VRSTAVPISA` INT(11) NOT NULL,
  `ID_NACIN` INT(11) NOT NULL,
  `ID_PROGRAM` INT(11) NOT NULL,
  `PROSTA_IZBIRNOST` INT(11) NULL DEFAULT '0',
  PRIMARY KEY (`ID_ZETON`),
  CONSTRAINT `FK_LETNIK_1`
    FOREIGN KEY (`ID_LETNIK`)
    REFERENCES `tpo`.`letnik` (`ID_LETNIK`)
    ON DELETE NO ACTION
    ON UPDATE NO ACTION,
  CONSTRAINT `FK_RELATIONSHIP_7`
    FOREIGN KEY (`ID_OSEBA`)
    REFERENCES `tpo`.`student` (`ID_OSEBA`),
  CONSTRAINT `FK_STUD_LETO_1`
    FOREIGN KEY (`ID_STUD_LETO`)
    REFERENCES `tpo`.`studijsko_leto` (`ID_STUD_LETO`)
    ON DELETE NO ACTION
    ON UPDATE NO ACTION,
  CONSTRAINT `fk_zeton_nacin_studija1`
    FOREIGN KEY (`ID_NACIN`)
    REFERENCES `tpo`.`nacin_studija` (`ID_NACIN`)
    ON DELETE NO ACTION
    ON UPDATE NO ACTION,
  CONSTRAINT `fk_zeton_oblika_studija1`
    FOREIGN KEY (`ID_OBLIKA`)
    REFERENCES `tpo`.`oblika_studija` (`ID_OBLIKA`)
    ON DELETE NO ACTION
    ON UPDATE NO ACTION,
  CONSTRAINT `fk_zeton_program1`
    FOREIGN KEY (`ID_PROGRAM`)
    REFERENCES `tpo`.`program` (`ID_PROGRAM`)
    ON DELETE NO ACTION
    ON UPDATE NO ACTION,
  CONSTRAINT `fk_zeton_vrsta_vpisa1`
    FOREIGN KEY (`ID_VRSTAVPISA`)
    REFERENCES `tpo`.`vrsta_vpisa` (`ID_VRSTAVPISA`)
    ON DELETE NO ACTION
    ON UPDATE NO ACTION)
ENGINE = InnoDB
AUTO_INCREMENT = 25
DEFAULT CHARACTER SET = utf8
COLLATE = utf8_slovenian_ci;

CREATE INDEX `FK_RELATIONSHIP_7` ON `tpo`.`zeton` (`ID_OSEBA` ASC);

CREATE INDEX `FK_STUD_LETO_idx` ON `tpo`.`zeton` (`ID_STUD_LETO` ASC);

CREATE INDEX `FK_LETNIK_idx` ON `tpo`.`zeton` (`ID_LETNIK` ASC);

CREATE INDEX `fk_zeton_oblika_studija1_idx` ON `tpo`.`zeton` (`ID_OBLIKA` ASC);

CREATE INDEX `fk_zeton_vrsta_vpisa1_idx` ON `tpo`.`zeton` (`ID_VRSTAVPISA` ASC);

CREATE INDEX `fk_zeton_nacin_studija1_idx` ON `tpo`.`zeton` (`ID_NACIN` ASC);

CREATE INDEX `fk_zeton_program1_idx` ON `tpo`.`zeton` (`ID_PROGRAM` ASC);


SET SQL_MODE=@OLD_SQL_MODE;
SET FOREIGN_KEY_CHECKS=@OLD_FOREIGN_KEY_CHECKS;
SET UNIQUE_CHECKS=@OLD_UNIQUE_CHECKS;



INSERT INTO `drzava` (`ID_DRZAVA`, `DVOMESTNAKODA`, `TRIMESTNAKODA`, `ISONAZIV`, `SLOVENSKINAZIV`, `OPOMBA`, `AKTIVNOST`) VALUES
  (4, 'AF', 'AFG', 'Afghanistan', 'Afganistan', NULL, 1),
  (8, 'AL', 'ALB', 'Albania', 'Albanija', NULL, 1),
  (10, 'AQ', 'ATA', 'Antarctica', 'Antarktika', NULL, 1),
  (12, 'DZ', 'DZA', 'Algeria', 'Alžirija', NULL, 1),
  (16, 'AS', 'ASM', 'American Samoa', 'Ameriška Samoa', NULL, 1),
  (20, 'AD', 'AND', 'Andorra', 'Andora', NULL, 1),
  (24, 'AO', 'AGO', 'Angola', 'Angola', NULL, 1),
  (28, 'AG', 'ATG', 'Antigua and Barbuda', 'Antigva in Barbuda', NULL, 1),
  (31, 'AZ', 'AZE', 'Azerbaijan', 'Azerbajdžan', NULL, 1),
  (32, 'AR', 'ARG', 'Argentina', 'Argenitna', NULL, 1),
  (36, 'AU', 'AUS', 'Australia', 'Avstralija', NULL, 1),
  (40, 'AT', 'AUT', 'Austria', 'Avstrija', NULL, 1),
  (44, 'BS', 'BHS', 'Bahamas', 'Bahami', NULL, 1),
  (48, 'BH', 'BHR', 'Bahrain', 'Bahrajn', NULL, 1),
  (50, 'BD', 'BGD', 'Bangladesh', 'Bangladeš', NULL, 1),
  (51, 'AM', 'ARM', 'Armenia', 'Armenija', NULL, 1),
  (52, 'BB', 'BRB', 'Barbados', 'Barbados', NULL, 1),
  (56, 'BE', 'BEL', 'Belgium', 'Belgija', NULL, 1),
  (60, 'BM', 'BMU', 'Bermuda', 'Bermudi', NULL, 1),
  (64, 'BT', 'BTN', 'Bhutan', 'Butan', NULL, 1),
  (68, 'BO', 'BOL', 'Bolivia, Plurinational State of', 'Bolivija', NULL, 1),
  (70, 'BA', 'BIH', 'Bosnia and Herzegovina', 'Bosna in Hercegovina', NULL, 1),
  (72, 'BW', 'BWA', 'Botswana', 'Bocvana', NULL, 1),
  (74, 'BV', 'BVT', 'Bouvet Island', 'Bouvetov otok', NULL, 1),
  (76, 'BR', 'BRA', 'Brazil', 'Brazilija', NULL, 1),
  (84, 'BZ', 'BLZ', 'Belize', 'Belize', NULL, 1),
  (86, 'IO', 'IOT', 'British Indian Ocean Territory', 'Britansko ozemlje v Indijskem oceanu', NULL, 1),
  (90, 'SB', 'SLB', 'Solomon Islands', 'Solomonovi otoki', NULL, 1),
  (92, 'VG', 'VGB', 'Virgin Islands, British', 'Britanski Deviški otoki', NULL, 1),
  (96, 'BN', 'BRN', 'Brunei Darussalam', 'Brunej', NULL, 1),
  (100, 'BG', 'BGR', 'Bulgaria', 'Bolgarija', NULL, 1),
  (104, 'MM', 'MMR', 'Myanmar', 'Mjanmar', NULL, 1),
  (108, 'BI', 'BDI', 'Burundi', 'Burundi', NULL, 1),
  (112, 'BY', 'BLR', 'Belarus', 'Belorusija', NULL, 1),
  (116, 'KH', 'KHM', 'Cambodia', 'Kambodža', NULL, 1),
  (120, 'CM', 'CMR', 'Cameroon', 'Kamerun', NULL, 1),
  (124, 'CA', 'CAN', 'Canada', 'Kanada', NULL, 1),
  (132, 'CV', 'CPV', 'Cape Verde', 'Kapverdski otoki (Zelenortski otoki)', NULL, 1),
  (136, 'KY', 'CYM', 'Cayman Islands', 'Kajmanski otoki', NULL, 1),
  (140, 'CF', 'CAF', 'Central African Republic', 'Srednjeafriška republika', NULL, 1),
  (144, 'LK', 'LKA', 'Sri Lanka', 'Šri Lanka', NULL, 1),
  (148, 'TD', 'TCD', 'Chad', 'Čad', NULL, 1),
  (152, 'CL', 'CHL', 'Chile', 'Čile', NULL, 1),
  (156, 'CN', 'CHN', 'China', 'Kitajska', NULL, 1),
  (158, 'TW', 'TWN', 'Taiwan, Province of China', 'Tajvan', NULL, 1),
  (162, 'CX', 'CXR', 'Christmas Island', 'Božični otok', NULL, 1),
  (166, 'CC', 'CCK', 'Cocos (Keeling) Islands', 'Kokosovi in Keelingovi otoki', NULL, 1),
  (170, 'CO', 'COL', 'Colombia', 'Kolumbija', NULL, 1),
  (174, 'KM', 'COM', 'Comoros', 'Komori', NULL, 1),
  (175, 'YT', 'MYT', 'Mayotte', 'Francoska skupnost Mejot', NULL, 1),
  (178, 'CG', 'COG', 'Congo', 'Kongo', NULL, 1),
  (180, 'CD', 'COD', 'Congo, the Democratic Republic of the', 'Demokratična republika Kongo', NULL, 1),
  (184, 'CK', 'COK', 'Cook Islands', 'Cookovi otoki', NULL, 1),
  (188, 'CR', 'CRI', 'Costa Rica', 'Kostarika', NULL, 1),
  (191, 'HR', 'HRV', 'Croatia', 'Hrvaška', NULL, 1),
  (192, 'CU', 'CUB', 'Cuba', 'Kuba', NULL, 1),
  (196, 'CY', 'CYP', 'Cyprus', 'Ciper', NULL, 1),
  (203, 'CZ', 'CZE', 'Czech Republic', 'Češka', NULL, 1),
  (204, 'BJ', 'BEN', 'Benin', 'Benin', NULL, 1),
  (208, 'DK', 'DNK', 'Denmark', 'Danska', NULL, 1),
  (212, 'DM', 'DMA', 'Dominica', 'Dominika', NULL, 1),
  (214, 'DO', 'DOM', 'Dominican Republic', 'Dominikanska republika', NULL, 1),
  (218, 'EC', 'ECU', 'Ecuador', 'Ekvador', NULL, 1),
  (222, 'SV', 'SLV', 'El Salvador', 'Salvador', NULL, 1),
  (226, 'GQ', 'GNQ', 'Equatorial Guinea', 'Ekvatorialna Gvineja', NULL, 1),
  (231, 'ET', 'ETH', 'Ethiopia', 'Etiopija', NULL, 1),
  (232, 'ER', 'ERI', 'Eritrea', 'Eritreja', NULL, 1),
  (233, 'EE', 'EST', 'Estonia', 'Estonija', NULL, 1),
  (234, 'FK', 'FRO', 'Falkland Islands (Malvinas)', 'Falkalndski otoki', NULL, 1),
  (238, 'FO', 'FLK', 'Faroe Islands', 'Ferski otoki', NULL, 1),
  (239, 'GS', 'SGS', 'South Georgia and the South Sandwich Islands', 'Južna Georgia in Južni Sandwichevi otoki', NULL, 1),
  (242, 'FJ', 'FJI', 'Fiji', 'Fidži', NULL, 1),
  (246, 'FI', 'FIN', 'Finland', 'Finska', NULL, 1),
  (248, 'AX', 'ALA', 'Ålland Islands', 'Alandski otoki', NULL, 1),
  (250, 'FR', 'FRA', 'France', 'Francija', NULL, 1),
  (254, 'GF', 'GUF', 'French Guiana', 'Francoska Gvajana', NULL, 1),
  (258, 'PF', 'PYF', 'French Polynesia', 'Francoska Polinezija', NULL, 1),
  (260, 'TF', 'ATF', 'French Southern Territories', 'Francoska južna ozemlja', NULL, 1),
  (262, 'DJ', 'DJI', 'Djibouti', 'Džibuti', NULL, 1),
  (266, 'GA', 'GAB', 'Gabon', 'Gabon', NULL, 1),
  (268, 'GE', 'GEO', 'Georgia', 'Gruzija', NULL, 1),
  (270, 'GM', 'GMB', 'Gambia', 'Gambija', NULL, 1),
  (275, 'PS', 'PSE', 'Palestinian Territory, Occupied', 'Palestina', NULL, 1),
  (276, 'DE', 'DEU', 'Germany', 'Nemčija', NULL, 1),
  (288, 'GH', 'GHA', 'Ghana', 'Gana', NULL, 1),
  (292, 'GI', 'GIB', 'Gibraltar', 'Gibraltar', NULL, 1),
  (296, 'KI', 'KIR', 'Kiribati', 'Kiribati', NULL, 1),
  (300, 'GR', 'GRC', 'Greece', 'Grčija', NULL, 1),
  (304, 'GL', 'GRL', 'Greenland', 'Grenlandija', NULL, 1),
  (308, 'GD', 'GRD', 'Grenada', 'Grenada', NULL, 1),
  (312, 'GP', 'GLP', 'Guadeloupe', 'Guadeloupe', NULL, 1),
  (316, 'GU', 'GUM', 'Guam', 'Guam', NULL, 1),
  (320, 'GT', 'GTM', 'Guatemala', 'Gvatemala', NULL, 1),
  (324, 'GN', 'GIN', 'Guinea', 'Gvineja', NULL, 1),
  (328, 'GY', 'GUY', 'Guyana', 'Gvajana', NULL, 1),
  (332, 'HT', 'HTI', 'Haiti', 'Haiti', NULL, 1),
  (334, 'HM', 'HMD', 'Heard Island and McDonald Islands', 'Otok Heard in otočje McDonald', NULL, 1),
  (336, 'VA', 'VAT', 'Holy See (Vatican City State)', 'Vatikan', NULL, 1),
  (340, 'HN', 'HND', 'Honduras', 'Honduras', NULL, 1),
  (344, 'HK', 'HKG', 'Hong Kong', 'Hong Kong', NULL, 1),
  (348, 'HU', 'HUN', 'Hungary', 'Madžarska', NULL, 1),
  (352, 'IS', 'ISL', 'Iceland', 'Islandija', NULL, 1),
  (356, 'IN', 'IND', 'India', 'Indija', NULL, 1),
  (360, 'ID', 'IDN', 'Indonesia', 'Indonezija', NULL, 1),
  (364, 'IR', 'IRN', 'Iran, Islamic Republic of', 'Iran', NULL, 1),
  (368, 'IQ', 'IRQ', 'Iraq', 'Irak', NULL, 1),
  (372, 'IE', 'IRL', 'Ireland', 'Irska', NULL, 1),
  (376, 'IL', 'ISR', 'Israel', 'Izrael', NULL, 1),
  (380, 'IT', 'ITA', 'Italy', 'Italija', NULL, 1),
  (384, 'CI', 'CIV', 'Côte dIvoire', 'Slonokoščena obala', NULL, 1),
  (388, 'JM', 'JAM', 'Jamaica', 'Jamajka', NULL, 1),
  (392, 'JP', 'JPN', 'Japan', 'Japonska', NULL, 1),
  (398, 'KZ', 'KAZ', 'Kazakhstan', 'Kazahstan', NULL, 1),
  (400, 'JO', 'JOR', 'Jordan', 'Jordanija', NULL, 1),
  (404, 'KE', 'KEN', 'Kenya', 'Kenija', NULL, 1),
  (408, 'KP', 'PRK', 'Korea, Democratic Peoples Republic of', 'Severna Koreja', NULL, 1),
  (410, 'KR', 'KOR', 'Korea, Republic of', 'Južna Koreja', NULL, 1),
  (414, 'KW', 'KWT', 'Kuwait', 'Kuvajt', NULL, 1),
  (417, 'KG', 'KGZ', 'Kyrgyzstan', 'Kirgizistan (Kirgizija)', NULL, 1),
  (418, 'LA', 'LAO', 'Lao Peoples Democratic Republic', 'Laos', NULL, 1),
  (422, 'LB', 'LBN', 'Lebanon', 'Libanon', NULL, 1),
  (426, 'LS', 'LSO', 'Lesotho', 'Lesoto', NULL, 1),
  (428, 'LV', 'LVA', 'Latvia', 'Latvija', NULL, 1),
  (430, 'LR', 'LBR', 'Liberia', 'Liberija', NULL, 1),
  (434, 'LY', 'LBY', 'Libya', 'Libija', NULL, 1),
  (438, 'LI', 'LIE', 'Liechtenstein', 'Lihtenštajn', NULL, 1),
  (440, 'LT', 'LTU', 'Lithuania', 'Litva', NULL, 1),
  (442, 'LU', 'LUX', 'Luxembourg', 'Luksemburg', NULL, 1),
  (446, 'MO', 'MAC', 'Macao', 'Makao', NULL, 1),
  (450, 'MG', 'MDG', 'Madagascar', 'Madagaskar', NULL, 1),
  (454, 'MW', 'MWI', 'Malawi', 'Malavi', NULL, 1),
  (458, 'MY', 'MYS', 'Malaysia', 'Malezija', NULL, 1),
  (462, 'MV', 'MDV', 'Maldives', 'Maldivi', NULL, 1),
  (466, 'ML', 'MLI', 'Mali', 'Mali', NULL, 1),
  (470, 'MT', 'MLT', 'Malta', 'Malta', NULL, 1),
  (474, 'MQ', 'MTQ', 'Martinique', 'Martinik', NULL, 1),
  (478, 'MR', 'MRT', 'Mauritania', 'Mavretanija', NULL, 1),
  (480, 'MU', 'MUS', 'Mauritius', 'Mauricius (Moris)', NULL, 1),
  (484, 'MX', 'MEX', 'Mexico', 'Mehika', NULL, 1),
  (492, 'MC', 'MCO', 'Monaco', 'Monako', NULL, 1),
  (496, 'MN', 'MNG', 'Mongolia', 'Mongolija', NULL, 1),
  (498, 'MD', 'MDA', 'Moldova, Republic of', 'Moldavija', NULL, 1),
  (499, 'ME', 'MNE', 'Montenegro', 'Črna Gora', NULL, 1),
  (500, 'MS', 'MSR', 'Montserrat', 'Montserat', NULL, 1),
  (504, 'MA', 'MAR', 'Morocco', 'Maroko', NULL, 1),
  (508, 'MZ', 'MOZ', 'Mozambique', 'Mozambik', NULL, 1),
  (512, 'OM', 'OMN', 'Oman', 'Oman', NULL, 1),
  (516, 'NA', 'NAM', 'Namibia', 'Namibija', NULL, 1),
  (520, 'NR', 'NRU', 'Nauru', 'Nauru', NULL, 1),
  (524, 'NP', 'NPL', 'Nepal', 'Nepal', NULL, 1),
  (528, 'NL', 'NLD', 'Netherlands', 'Nizozemska', NULL, 1),
  (531, 'CW', 'CUW', 'Curaçao', 'Kurasao', NULL, 1),
  (533, 'AW', 'ABW', 'Aruba', 'Aruba', NULL, 1),
  (534, 'SX', 'SXM', 'Sint Maarten (Dutch part)', 'Otok svetega.Martina (Nizozemska)', NULL, 1),
  (535, 'BQ', 'BES', 'Bonaire, Sint Eustatius and Saba', 'Otočje Bonaire, Sv. Eustatij in Saba', NULL, 1),
  (540, 'NC', 'NCL', 'New Caledonia', 'Nova Kaledonija', NULL, 1),
  (548, 'VU', 'VUT', 'Vanuatu', 'Republika Vanuatu', NULL, 1),
  (554, 'NZ', 'NZL', 'New Zealand', 'Nova Zelandija', NULL, 1),
  (558, 'NI', 'NIC', 'Nicaragua', 'Nikaragva', NULL, 1),
  (562, 'NE', 'NER', 'Niger', 'Niger', NULL, 1),
  (566, 'NG', 'NGA', 'Nigeria', 'Nigerija', NULL, 1),
  (570, 'NU', 'NIU', 'Niue', 'Niu', NULL, 1),
  (574, 'NF', 'NFK', 'Norfolk Island', 'Otok Norflok', NULL, 1),
  (578, 'NO', 'NOR', 'Norway', 'Norveška', NULL, 1),
  (580, 'MP', 'MNP', 'Northern Mariana Islands', 'Severni Marianski otoki', NULL, 1),
  (581, 'UM', 'UMI', 'United States Minor Outlying Islands', 'ZDA zunanji otoki', NULL, 1),
  (583, 'FM', 'FSM', 'Micronesia, Federated States of', 'Mikronezija', NULL, 1),
  (584, 'MH', 'MHL', 'Marshall Islands', 'Maršalovi otoki', NULL, 1),
  (585, 'PW', 'PLW', 'Palau', 'Palau', NULL, 1),
  (586, 'PK', 'PAK', 'Pakistan', 'Pakistan', NULL, 1),
  (591, 'PA', 'PAN', 'Panama', 'Panama', NULL, 1),
  (598, 'PG', 'PNG', 'Papua New Guinea', 'Papua Nova Gvineja', NULL, 1),
  (600, 'PY', 'PRY', 'Paraguay', 'Paragvaj', NULL, 1),
  (604, 'PE', 'PER', 'Peru', 'Peru', NULL, 1),
  (608, 'PH', 'PHL', 'Philippines', 'Filipini', NULL, 1),
  (612, 'PN', 'PCN', 'Pitcairn', 'Pitcairnovi otoki', NULL, 1),
  (616, 'PL', 'POL', 'Poland', 'Poljska', NULL, 1),
  (620, 'PT', 'PRT', 'Portugal', 'Portugalska', NULL, 1),
  (624, 'GW', 'GNB', 'Guinea-Bissau', 'Gvineja-Bissau', NULL, 1),
  (626, 'TL', 'TLS', 'Timor-Leste', 'Vzhodni Timor', NULL, 1),
  (630, 'PR', 'PRI', 'Puerto Rico', 'Portoriko', NULL, 1),
  (634, 'QA', 'QAT', 'Qatar', 'Katar', NULL, 1),
  (638, 'RE', 'REU', 'Réunion', 'Francoska skupnost Reunion', NULL, 1),
  (642, 'RO', 'ROU', 'Romania', 'Romunija', NULL, 1),
  (643, 'RU', 'RUS', 'Russian Federation', 'Ruska federacija', NULL, 1),
  (646, 'RW', 'RWA', 'Rwanda', 'Ruanda', NULL, 1),
  (652, 'BL', 'BLM', 'Saint Barthélemy', 'Sveti Bartolomej', NULL, 1),
  (654, 'SH', 'SHN', 'Saint Helena, Ascension and Tristan da Cunha', 'Sveta Helena', NULL, 1),
  (659, 'KN', 'KNA', 'Saint Kitts and Nevis', 'Sveti Kits in Nevis', NULL, 1),
  (660, 'AI', 'AIA', 'Anguilla', 'Angvila', NULL, 1),
  (662, 'LC', 'LCA', 'Saint Lucia', 'Sveta Lucija', NULL, 1),
  (663, 'MF', 'MAF', 'Saint Martin (French part)', 'Otok svetega Martina', NULL, 1),
  (666, 'PM', 'SPM', 'Saint Pierre and Miquelon', 'Sveta Pierre in Miquelon', NULL, 1),
  (670, 'VC', 'VCT', 'Saint Vincent and the Grenadines', 'Sveti Vincent in Grenadini', NULL, 1),
  (674, 'SM', 'SMR', 'San Marino', 'San Marino', NULL, 1),
  (678, 'ST', 'STP', 'Sao Tome and Principe', 'Sao Tome in Principe', NULL, 1),
  (682, 'SA', 'SAU', 'Saudi Arabia', 'Savdska Arabija', NULL, 1),
  (686, 'SN', 'SEN', 'Senegal', 'Senegal', NULL, 1),
  (688, 'RS', 'SRB', 'Serbia', 'Srbija', NULL, 1),
  (690, 'SC', 'SYC', 'Seychelles', 'Sejšeli', NULL, 1),
  (694, 'SL', 'SLE', 'Sierra Leone', 'Siera Leone', NULL, 1),
  (702, 'SG', 'SGP', 'Singapore', 'Singapur', NULL, 1),
  (703, 'SK', 'SVK', 'Slovakia', 'Slovaška', NULL, 1),
  (704, 'VN', 'VNM', 'Viet Nam', 'Vietnam', NULL, 1),
  (705, 'SI', 'SVN', 'Slovenia', 'Slovenija', NULL, 1),
  (706, 'SO', 'SOM', 'Somalia', 'Somalija', NULL, 1),
  (710, 'ZA', 'ZAF', 'South Africa', 'Južna afrika', NULL, 1),
  (716, 'ZW', 'ZWE', 'Zimbabwe', 'Zimbabve', NULL, 1),
  (724, 'ES', 'ESP', 'Spain', 'Španija', NULL, 1),
  (728, 'SS', 'SSD', 'South Sudan', 'Južni Sudan', NULL, 1),
  (729, 'SD', 'SDN', 'Sudan', 'Sudan', NULL, 1),
  (732, 'EH', 'ESH', 'Western Sahara', 'Zahodna Sahara', NULL, 1),
  (740, 'SR', 'SUR', 'Suriname', 'Surinam', NULL, 1),
  (744, 'SJ', 'SJM', 'Svalbard and Jan Mayen', 'Svalbard in Jan Majen', NULL, 1),
  (748, 'SZ', 'SWZ', 'Swaziland', 'Svazi', NULL, 1),
  (752, 'SE', 'SWE', 'Sweden', 'Švedska', NULL, 1),
  (756, 'CH', 'CHE', 'Switzerland', 'Švica', NULL, 1),
  (760, 'SY', 'SYR', 'Syrian Arab Republic', 'Sirija', NULL, 1),
  (762, 'TJ', 'TJK', 'Tajikistan', 'Tadžikistan', NULL, 1),
  (764, 'TH', 'THA', 'Thailand', 'Tajska', NULL, 1),
  (768, 'TG', 'TGO', 'Togo', 'Togo', NULL, 1),
  (772, 'TK', 'TKL', 'Tokelau', 'Tokelau', NULL, 1),
  (776, 'TO', 'TON', 'Tonga', 'Tonga', NULL, 1),
  (780, 'TT', 'TTO', 'Trinidad and Tobago', 'Trinidad in Tobago', NULL, 1),
  (784, 'AE', 'ARE', 'United Arab Emirates', 'Združeni Arabski Emirati', NULL, 1),
  (788, 'TN', 'TUN', 'Tunisia', 'Tunizija', NULL, 1),
  (792, 'TR', 'TUR', 'Turkey', 'Turčija', NULL, 1),
  (795, 'TM', 'TKM', 'Turkmenistan', 'Turkmenistan', NULL, 1),
  (796, 'TC', 'TCA', 'Turks and Caicos Islands', 'Tirški in Kajkoški otoki', NULL, 1),
  (798, 'TV', 'TUV', 'Tuvalu', 'Tuvalu', NULL, 1),
  (800, 'UG', 'UGA', 'Uganda', 'Uganda', NULL, 1),
  (804, 'UA', 'UKR', 'Ukraine', 'Ukrajina', NULL, 1),
  (807, 'MK', 'MKD', 'Macedonia', 'Makedonija', NULL, 1),
  (818, 'EG', 'EGY', 'Egypt', 'Egipt', NULL, 1),
  (826, 'GB', 'GBR', 'United Kingdom', 'Velika Britanija', NULL, 1),
  (831, 'GG', 'GGY', 'Guernsey', 'Otok Guernsey', NULL, 1),
  (832, 'JE', 'JEY', 'Jersey', 'Otok Jersey', NULL, 1),
  (833, 'IM', 'IMN', 'Isle of Man', 'Otok Man', NULL, 1),
  (834, 'TZ', 'TZA', 'Tanzania, United Republic of', 'Tanzanija', NULL, 1),
  (840, 'US', 'USA', 'United States', 'Združene države Amerike', NULL, 1),
  (850, 'VI', 'VIR', 'Virgin Islands, U.S.', 'Ameriški Deviški otoki', NULL, 1),
  (854, 'BF', 'BFA', 'Burkina Faso', 'Burkina Faso', NULL, 1),
  (858, 'UY', 'URY', 'Uruguay', 'Urugvaj', NULL, 1),
  (860, 'UZ', 'UZB', 'Uzbekistan', 'Uzbekistan', NULL, 1),
  (862, 'VE', 'VEN', 'Venezuela, Bolivarian Republic of', 'Venezuela', NULL, 1),
  (876, 'WF', 'WLF', 'Wallis and Futuna', 'Otočje Valis in Futuna', NULL, 1),
  (882, 'WS', 'WSM', 'Samoa', 'Samoa', NULL, 1),
  (887, 'YE', 'YEM', 'Yemen', 'Jemen', NULL, 1),
  (894, 'ZM', 'ZMB', 'Zambia', 'Zambija', NULL, 1);

INSERT INTO `obcina` (`ID_OBCINA`, `IME_OBCINA`, `AKTIVNOST`) VALUES
  (1, 'Ajdovščina', 1),
  (2, 'Beltinci', 1),
  (3, 'Bled', 1),
  (4, 'Bohinj', 1),
  (5, 'Borovnica', 1),
  (6, 'Bovec', 1),
  (7, 'Brda', 1),
  (8, 'Brezovica', 1),
  (9, 'Brežice', 1),
  (10, 'Tišina', 1),
  (11, 'Celje', 1),
  (12, 'Cerklje na Gorenjskem', 1),
  (13, 'Cerknica', 1),
  (14, 'Cerkno', 1),
  (15, 'Črenšovci', 1),
  (16, 'Črna na Koroškem', 1),
  (17, 'Črnomelj', 1),
  (18, 'Destrnik', 1),
  (19, 'Divača', 1),
  (20, 'Dobrepolje', 1),
  (21, 'Dobrova - Polhov Gradec', 1),
  (22, 'Dol pri Ljubljani', 1),
  (23, 'Domžale', 1),
  (24, 'Dornava', 1),
  (25, 'Dravograd', 1),
  (26, 'Duplek', 1),
  (27, 'Gorenja vas - Poljane', 1),
  (28, 'Gorišnica', 1),
  (29, 'Gornja Radgona', 1),
  (30, 'Gornji Grad', 1),
  (31, 'Gornji Petrovci', 1),
  (32, 'Grosuplje', 1),
  (33, 'Šalovci', 1),
  (34, 'Hrastnik', 1),
  (35, 'Hrpelje - Kozina', 1),
  (36, 'Idrija', 1),
  (37, 'Ig', 1),
  (38, 'Ilirska Bistrica', 1),
  (39, 'Ivančna Gorica', 1),
  (40, 'Izola', 1),
  (41, 'Jesenice', 1),
  (42, 'Juršinci', 1),
  (43, 'Kamnik', 1),
  (44, 'Kanal', 1),
  (45, 'Kidričevo', 1),
  (46, 'Kobarid', 1),
  (47, 'Kobilje', 1),
  (48, 'Kočevje', 1),
  (49, 'Komen', 1),
  (50, 'Koper', 1),
  (51, 'Kozje', 1),
  (52, 'Kranj', 1),
  (53, 'Kranjska Gora', 1),
  (54, 'Krško', 1),
  (55, 'Kungota', 1),
  (56, 'Kuzma', 1),
  (57, 'Laško', 1),
  (58, 'Lenart', 1),
  (59, 'Lendava', 1),
  (60, 'Litija', 1),
  (61, 'Ljubljana', 1),
  (62, 'Ljubno', 1),
  (63, 'Ljutomer', 1),
  (64, 'Logatec', 1),
  (65, 'Loška dolina', 1),
  (66, 'Loški Potok', 1),
  (67, 'Luče', 1),
  (68, 'Lukovica', 1),
  (69, 'Majšperk', 1),
  (70, 'Maribor', 1),
  (71, 'Medvode', 1),
  (72, 'Mengeš', 1),
  (73, 'Metlika', 1),
  (74, 'Mežica', 1),
  (75, 'Miren - Kostanjevica', 1),
  (76, 'Mislinja', 1),
  (77, 'Moravče', 1),
  (78, 'Moravske Toplice', 1),
  (79, 'Mozirje', 1),
  (80, 'Murska Sobota', 1),
  (81, 'Muta', 1),
  (82, 'Naklo', 1),
  (83, 'Nazarje', 1),
  (84, 'Nova Gorica', 1),
  (85, 'Novo mesto', 1),
  (86, 'Odranci', 1),
  (87, 'Ormož', 1),
  (88, 'Osilnica', 1),
  (89, 'Pesnica', 1),
  (90, 'Piran', 1),
  (91, 'Pivka', 1),
  (92, 'Podčetrtek', 1),
  (93, 'Podvelka', 1),
  (94, 'Postojna', 1),
  (95, 'Preddvor', 1),
  (96, 'Ptuj', 1),
  (97, 'Puconci', 1),
  (98, 'Rače - Fram', 1),
  (99, 'Radeče', 1),
  (100, 'Radenci', 1),
  (101, 'Radlje ob Dravi', 1),
  (102, 'Radovljica', 1),
  (103, 'Ravne na Koroškem', 1),
  (104, 'Ribnica', 1),
  (105, 'Rogašovci', 1),
  (106, 'Rogaška Slatina', 1),
  (107, 'Rogatec', 1),
  (108, 'Ruše', 1),
  (109, 'Semič', 1),
  (110, 'Sevnica', 1),
  (111, 'Sežana', 1),
  (112, 'Slovenj Gradec', 1),
  (113, 'Slovenska Bistrica', 1),
  (114, 'Slovenske Konjice', 1),
  (115, 'Starše', 1),
  (116, 'Sveti Jurij ob Ščavnici', 1),
  (117, 'Šenčur', 1),
  (118, 'Šentilj', 1),
  (119, 'Šentjernej', 1),
  (120, 'Šentjur pri Celju', 1),
  (121, 'Škocjan', 1),
  (122, 'Škofja Loka', 1),
  (123, 'Škofljica', 1),
  (124, 'Šmarje pri Jelšah', 1),
  (125, 'Šmartno ob Paki', 1),
  (126, 'Šoštanj', 1),
  (127, 'Štore', 1),
  (128, 'Tolmin', 1),
  (129, 'Trbovlje', 1),
  (130, 'Trebnje', 1),
  (131, 'Tržič', 1),
  (132, 'Turnišče', 1),
  (133, 'Velenje', 1),
  (134, 'Velike Lašče', 1),
  (135, 'Videm', 1),
  (136, 'Vipava', 1),
  (137, 'Vitanje', 1),
  (138, 'Vodice', 1),
  (139, 'Vojnik', 1),
  (140, 'Vrhnika', 1),
  (141, 'Vuzenica', 1),
  (142, 'Zagorje ob Savi', 1),
  (143, 'Zavrč', 1),
  (144, 'Zreče', 1),
  (146, 'Železniki', 1),
  (147, 'Žiri', 1),
  (148, 'Benedikt', 1),
  (149, 'Bistrica ob Sotli', 1),
  (150, 'Bloke', 1),
  (151, 'Braslovče', 1),
  (152, 'Cankova', 1),
  (153, 'Cerkvenjak', 1),
  (154, 'Dobje', 1),
  (155, 'Dobrna', 1),
  (156, 'Dobrovnik', 1),
  (157, 'Dolenjske Toplice', 1),
  (158, 'Grad', 1),
  (159, 'Hajdina', 1),
  (160, 'Hoče - Slivnica', 1),
  (161, 'Hodoš', 1),
  (162, 'Horjul', 1),
  (163, 'Jezersko', 1),
  (164, 'Komenda', 1),
  (165, 'Kostel', 1),
  (166, 'Križevci', 1),
  (167, 'Lovrenc na Pohorju', 1),
  (168, 'Markovci', 1),
  (169, 'Miklavž na Dravskem polju', 1),
  (170, 'Mirna Peč', 1),
  (171, 'Oplotnica', 1),
  (172, 'Podlehnik', 1),
  (173, 'Polzela', 1),
  (174, 'Prebold', 1),
  (175, 'Prevalje', 1),
  (176, 'Razkrižje', 1),
  (177, 'Ribnica na Pohorju', 1),
  (178, 'Selnica ob Dravi', 1),
  (179, 'Sodražica', 1),
  (180, 'Solčava', 1),
  (181, 'Sveta Ana', 1),
  (182, 'Sveti Andraž v Slov. Goricah', 1),
  (183, 'Šempeter - Vrtojba', 1),
  (184, 'Tabor', 1),
  (185, 'Trnovska vas', 1),
  (186, 'Trzin', 1),
  (187, 'Velika Polana', 1),
  (188, 'Veržej', 1),
  (189, 'Vransko', 1),
  (190, 'Žalec', 1),
  (191, 'Žetale', 1),
  (192, 'Žirovnica', 1),
  (193, 'Žužemberk', 1),
  (194, 'Šmartno pri Litiji', 1),
  (195, 'Apače', 1),
  (196, 'Cirkulane', 1),
  (197, 'Kostanjevica na Krki', 1),
  (198, 'Makole', 1),
  (199, 'Mokronog - Trebelno', 1),
  (200, 'Poljčane', 1),
  (201, 'Renče - Vogrsko', 1),
  (202, 'Središče ob Dravi', 1),
  (203, 'Straža', 1),
  (204, 'Sv. Trojica v Slov. Goricah', 1),
  (205, 'Sveti Tomaž', 1),
  (206, 'Šmarješke Toplice', 1),
  (207, 'Gorje', 1),
  (208, 'Log - Dragomer', 1),
  (209, 'Rečica ob Savinji', 1),
  (210, 'Sveti Jurij v Slov. Goricah', 1),
  (211, 'Šentrupert', 1),
  (212, 'Mirna', 1),
  (213, 'Ankaran', 1);

INSERT INTO `tpo`.`letnik`
(`ID_LETNIK`, `LETNIK`)VALUES
  (1,1),
  (2,2),
  (3,3);

INSERT INTO `tpo`.`posta`(`ID_POSTA`, `ST_POSTA`,`KRAJ`,`AKTIVNOST`) VALUES
  (1, 8341, 'Adlešiči', 1),
  (2, 5270, 'Ajdovščina', 1),
  (3, 6280, 'Ankaran/Ancarano', 1),
  (4, 9253, 'Apače', 1),
  (5, 8253, 'Artiče', 1),
  (6, 4275, 'Begunje na Gorenjskem', 1),
  (7, 1382, 'Begunje pri Cerknici', 1),
  (8, 9231, 'Beltinci', 1),
  (9, 2234, 'Benedikt', 1),
  (10, 2345, 'Bistrica ob Dravi', 1),
  (11, 3256, 'Bistrica ob Sotli', 1),
  (12, 8259, 'Bizeljsko', 1),
  (13, 1223, 'Blagovica', 1),
  (14, 8283, 'Blanca', 1),
  (15, 4260, 'Bled', 1),
  (16, 4273, 'Blejska Dobrava', 1),
  (17, 9265, 'Bodonci', 1),
  (18, 9222, 'Bogojina', 1),
  (19, 4263, 'Bohinjska Bela', 1),
  (20, 4264, 'Bohinjska Bistrica', 1),
  (21, 4265, 'Bohinjsko jezero', 1),
  (22, 1353, 'Borovnica', 1),
  (23, 8294, 'Boštanj', 1),
  (24, 5230, 'Bovec', 1),
  (25, 5295, 'Branik', 1),
  (26, 3314, 'Braslovče', 1),
  (27, 5223, 'Breginj', 1),
  (28, 8280, 'Brestanica', 1),
  (29, 2354, 'Bresternica', 1),
  (30, 4243, 'Brezje', 1),
  (31, 1351, 'Brezovica pri Ljubljani', 1),
  (32, 8250, 'Brežice', 1),
  (33, 4210, 'Brnik - Aerodrom', 1),
  (34, 8321, 'Brusnice', 1),
  (35, 3255, 'Buče', 1),
  (36, 8276, 'Bučka', 1),
  (37, 9261, 'Cankova', 1),
  (38, 3000, 'Celje', 1),
  (39, 4207, 'Cerklje na Gorenjskem', 1),
  (40, 8263, 'Cerklje ob Krki', 1),
  (41, 1380, 'Cerknica', 1),
  (42, 5282, 'Cerkno', 1),
  (43, 2236, 'Cerkvenjak', 1),
  (44, 2215, 'Ceršak', 1),
  (45, 2326, 'Cirkovce', 1),
  (46, 2282, 'Cirkulane', 1),
  (47, 5273, 'Col', 1),
  (48, 8251, 'Čatež ob Savi', 1),
  (49, 1413, 'Čemšenik', 1),
  (50, 5253, 'Čepovan', 1),
  (51, 9232, 'Črenšovci', 1),
  (52, 2393, 'Črna na Koroškem', 1),
  (53, 6275, 'Črni Kal', 1),
  (54, 5274, 'Črni Vrh nad Idrijo', 1),
  (55, 5262, 'Črniče', 1),
  (56, 8340, 'Črnomelj', 1),
  (57, 6271, 'Dekani', 1),
  (58, 5210, 'Deskle', 1),
  (59, 2253, 'Destrnik', 1),
  (60, 6215, 'Divača', 1),
  (61, 1233, 'Dob', 1),
  (62, 3224, 'Dobje pri Planini', 1),
  (63, 8257, 'Dobova', 1),
  (64, 1423, 'Dobovec', 1),
  (65, 5263, 'Dobravlje', 1),
  (66, 3204, 'Dobrna', 1),
  (67, 8211, 'Dobrnič', 1),
  (68, 1356, 'Dobrova', 1),
  (69, 9223, 'Dobrovnik/Dobronak', 1),
  (70, 5212, 'Dobrovo v Brdih', 1),
  (71, 1431, 'Dol pri Hrastniku', 1),
  (72, 1262, 'Dol pri Ljubljani', 1),
  (73, 1273, 'Dole pri Litiji', 1),
  (74, 1331, 'Dolenja vas', 1),
  (75, 8350, 'Dolenjske Toplice', 1),
  (76, 1230, 'Domžale', 1),
  (77, 2252, 'Dornava', 1),
  (78, 5294, 'Dornberk', 1),
  (79, 1319, 'Draga', 1),
  (80, 8343, 'Dragatuš', 1),
  (81, 3222, 'Dramlje', 1),
  (82, 2370, 'Dravograd', 1),
  (83, 4203, 'Duplje', 1),
  (84, 6221, 'Dutovlje', 1),
  (85, 8361, 'Dvor', 1),
  (86, 2343, 'Fala', 1),
  (87, 9208, 'Fokovci', 1),
  (88, 2313, 'Fram', 1),
  (89, 3213, 'Frankolovo', 1),
  (90, 1274, 'Gabrovka', 1),
  (91, 8254, 'Globoko', 1),
  (92, 5275, 'Godovič', 1),
  (93, 4204, 'Golnik', 1),
  (94, 3303, 'Gomilsko', 1),
  (95, 4224, 'Gorenja vas', 1),
  (96, 3263, 'Gorica pri Slivnici', 1),
  (97, 2272, 'Gorišnica', 1),
  (98, 9250, 'Gornja Radgona', 1),
  (99, 3342, 'Gornji Grad', 1),
  (100, 4282, 'Gozd Martuljek', 1),
  (101, 6272, 'Gračišče', 1),
  (102, 9264, 'Grad', 1),
  (103, 8332, 'Gradac', 1),
  (104, 1384, 'Grahovo', 1),
  (105, 5242, 'Grahovo ob Bači', 1),
  (106, 5251, 'Grgar', 1),
  (107, 3302, 'Griže', 1),
  (108, 3231, 'Grobelno', 1),
  (109, 1290, 'Grosuplje', 1),
  (110, 2288, 'Hajdina', 1),
  (111, 8362, 'Hinje', 1),
  (112, 2311, 'Hoče', 1),
  (113, 9205, 'Hodoš/Hodos', 1),
  (114, 1354, 'Horjul', 1),
  (115, 1372, 'Hotedršica', 1),
  (116, 1430, 'Hrastnik', 1),
  (117, 6225, 'Hruševje', 1),
  (118, 4276, 'Hrušica', 1),
  (119, 5280, 'Idrija', 1),
  (120, 1292, 'Ig', 1),
  (121, 6250, 'Ilirska Bistrica', 1),
  (122, 6251, 'Ilirska Bistrica-Trnovo', 1),
  (123, 1295, 'Ivančna Gorica', 1),
  (124, 2259, 'Ivanjkovci', 1),
  (125, 1411, 'Izlake', 1),
  (126, 6310, 'Izola/Isola', 1),
  (127, 2222, 'Jakobski Dol', 1),
  (128, 2221, 'Jarenina', 1),
  (129, 6254, 'Jelšane', 1),
  (130, 4270, 'Jesenice', 1),
  (131, 8261, 'Jesenice na Dolenjskem', 1),
  (132, 3273, 'Jurklošter', 1),
  (133, 2223, 'Jurovski Dol', 1),
  (134, 2256, 'Juršinci', 1),
  (135, 5214, 'Kal nad Kanalom', 1),
  (136, 3233, 'Kalobje', 1),
  (137, 4246, 'Kamna Gorica', 1),
  (138, 2351, 'Kamnica', 1),
  (139, 1241, 'Kamnik', 1),
  (140, 5213, 'Kanal', 1),
  (141, 8258, 'Kapele', 1),
  (142, 2362, 'Kapla', 1),
  (143, 2325, 'Kidričevo', 1),
  (144, 1412, 'Kisovec', 1),
  (145, 6253, 'Knežak', 1),
  (146, 5222, 'Kobarid', 1),
  (147, 9227, 'Kobilje', 1),
  (148, 1330, 'Kočevje', 1),
  (149, 1338, 'Kočevska Reka', 1),
  (150, 2276, 'Kog', 1),
  (151, 5211, 'Kojsko', 1),
  (152, 6223, 'Komen', 1),
  (153, 1218, 'Komenda', 1),
  (154, 6000, 'Koper/Capodistria', 1),
  (155, 8282, 'Koprivnica', 1),
  (156, 5296, 'Kostanjevica na Krasu', 1),
  (157, 8311, 'Kostanjevica na Krki', 1),
  (158, 1336, 'Kostel', 1),
  (159, 6256, 'Košana', 1),
  (160, 2394, 'Kotlje', 1),
  (161, 6240, 'Kozina', 1),
  (162, 3260, 'Kozje', 1),
  (163, 4000, 'Kranj', 1),
  (164, 4280, 'Kranjska Gora', 1),
  (165, 1281, 'Kresnice', 1),
  (166, 4294, 'Križe', 1),
  (167, 9206, 'Križevci', 1),
  (168, 9242, 'Križevci pri Ljutomeru', 1),
  (169, 1301, 'Krka', 1),
  (170, 8296, 'Krmelj', 1),
  (171, 4245, 'Kropa', 1),
  (172, 8262, 'Krška vas', 1),
  (173, 8270, 'Krško', 1),
  (174, 9263, 'Kuzma', 1),
  (175, 2318, 'Laporje', 1),
  (176, 3270, 'Laško', 1),
  (177, 1219, 'Laze v Tuhinju', 1),
  (178, 2230, 'Lenart v Slovenskih goricah', 1),
  (179, 9220, 'Lendava/Lendva', 1),
  (180, 4248, 'Lesce', 1),
  (181, 3261, 'Lesično', 1),
  (182, 8273, 'Leskovec pri Krškem', 1),
  (183, 2372, 'Libeliče', 1),
  (184, 2341, 'Limbuš', 1),
  (185, 1270, 'Litija', 1),
  (186, 3202, 'Ljubečna', 1),
  (187, 1000, 'Ljubljana', 1),
  (188, 1231, 'Ljubljana - Črnuče', 1),
  (189, 1261, 'Ljubljana - Dobrunje', 1),
  (190, 1260, 'Ljubljana - Polje', 1),
  (191, 1210, 'Ljubljana - Šentvid', 1),
  (192, 1211, 'Ljubljana - Šmartno', 1),
  (193, 3333, 'Ljubno ob Savinji', 1),
  (194, 9240, 'Ljutomer', 1),
  (195, 3215, 'Loče', 1),
  (196, 5231, 'Log pod Mangartom', 1),
  (197, 1358, 'Log pri Brezovici', 1),
  (198, 1370, 'Logatec', 1),
  (199, 1371, 'Logatec', 1),
  (200, 1434, 'Loka pri Zidanem Mostu', 1),
  (201, 3223, 'Loka pri Žusmu', 1),
  (202, 6219, 'Lokev', 1),
  (203, 1318, 'Loški Potok', 1),
  (204, 2324, 'Lovrenc na Dravskem polju', 1),
  (205, 2344, 'Lovrenc na Pohorju', 1),
  (206, 3334, 'Luče', 1),
  (207, 1225, 'Lukovica', 1),
  (208, 9202, 'Mačkovci', 1),
  (209, 2322, 'Majšperk', 1),
  (210, 2321, 'Makole', 1),
  (211, 9243, 'Mala Nedelja', 1),
  (212, 2229, 'Malečnik', 1),
  (213, 6273, 'Marezige', 1),
  (214, 2000, 'Maribor', 1),
  (215, 2206, 'Marjeta na Dravskem polju', 1),
  (216, 2281, 'Markovci', 1),
  (217, 9221, 'Martjanci', 1),
  (218, 6242, 'Materija', 1),
  (219, 4211, 'Mavčiče', 1),
  (220, 1215, 'Medvode', 1),
  (221, 1234, 'Mengeš', 1),
  (222, 8330, 'Metlika', 1),
  (223, 2392, 'Mežica', 1),
  (224, 2204, 'Miklavž na Dravskem polju', 1),
  (225, 2275, 'Miklavž pri Ormožu', 1),
  (226, 5291, 'Miren', 1),
  (227, 8233, 'Mirna', 1),
  (228, 8216, 'Mirna Peč', 1),
  (229, 2382, 'Mislinja', 1),
  (230, 4281, 'Mojstrana', 1),
  (231, 8230, 'Mokronog', 1),
  (232, 1251, 'Moravče', 1),
  (233, 9226, 'Moravske Toplice', 1),
  (234, 5216, 'Most na Soči', 1),
  (235, 1221, 'Motnik', 1),
  (236, 3330, 'Mozirje', 1),
  (237, 9000, 'Murska Sobota', 1),
  (238, 2366, 'Muta', 1),
  (239, 4202, 'Naklo', 1),
  (240, 3331, 'Nazarje', 1),
  (241, 1357, 'Notranje Gorice', 1),
  (242, 3203, 'Nova Cerkev', 1),
  (243, 5000, 'Nova Gorica', 1),
  (244, 1385, 'Nova vas', 1),
  (245, 8000, 'Novo mesto', 1),
  (246, 6243, 'Obrov', 1),
  (247, 9233, 'Odranci', 1),
  (248, 2317, 'Oplotnica', 1),
  (249, 2312, 'Orehova vas', 1),
  (250, 2270, 'Ormož', 1),
  (251, 1316, 'Ortnek', 1),
  (252, 1337, 'Osilnica', 1),
  (253, 8222, 'Otočec', 1),
  (254, 2361, 'Ožbalt', 1),
  (255, 2231, 'Pernica', 1),
  (256, 2211, 'Pesnica pri Mariboru', 1),
  (257, 9203, 'Petrovci', 1),
  (258, 3301, 'Petrovče', 1),
  (259, 6330, 'Piran/Pirano', 1),
  (260, 8255, 'Pišece', 1),
  (261, 6257, 'Pivka', 1),
  (262, 6232, 'Planina', 1),
  (263, 3225, 'Planina pri Sevnici', 1),
  (264, 6276, 'Pobegi', 1),
  (265, 8312, 'Podbočje', 1),
  (266, 5243, 'Podbrdo', 1),
  (267, 3254, 'Podčetrtek', 1),
  (268, 2273, 'Podgorci', 1),
  (269, 6216, 'Podgorje', 1),
  (270, 2381, 'Podgorje pri Slovenj Gradcu', 1),
  (271, 6244, 'Podgrad', 1),
  (272, 1414, 'Podkum', 1),
  (273, 2286, 'Podlehnik', 1),
  (274, 5272, 'Podnanos', 1),
  (275, 4244, 'Podnart', 1),
  (276, 3241, 'Podplat', 1),
  (277, 3257, 'Podsreda', 1),
  (278, 2363, 'Podvelka', 1),
  (279, 2208, 'Pohorje', 1),
  (280, 2257, 'Polenšak', 1),
  (281, 1355, 'Polhov Gradec', 1),
  (282, 4223, 'Poljane nad Škofjo Loko', 1),
  (283, 2319, 'Poljčane', 1),
  (284, 1272, 'Polšnik', 1),
  (285, 3313, 'Polzela', 1),
  (286, 3232, 'Ponikva', 1),
  (287, 6320, 'Portorož/Portorose', 1),
  (288, 6230, 'Postojna', 1),
  (289, 2331, 'Pragersko', 1),
  (290, 3312, 'Prebold', 1),
  (291, 4205, 'Preddvor', 1),
  (292, 6255, 'Prem', 1),
  (293, 1352, 'Preserje', 1),
  (294, 6258, 'Prestranek', 1),
  (295, 2391, 'Prevalje', 1),
  (296, 3262, 'Prevorje', 1),
  (297, 1276, 'Primskovo', 1),
  (298, 3253, 'Pristava pri Mestinju', 1),
  (299, 9207, 'Prosenjakovci/Partosfalva', 1),
  (300, 5297, 'Prvačina', 1),
  (301, 2250, 'Ptuj', 1),
  (302, 2323, 'Ptujska Gora', 1),
  (303, 9201, 'Puconci', 1),
  (304, 2327, 'Rače', 1),
  (305, 1433, 'Radeče', 1),
  (306, 9252, 'Radenci', 1),
  (307, 2360, 'Radlje ob Dravi', 1),
  (308, 1235, 'Radomlje', 1),
  (309, 4240, 'Radovljica', 1),
  (310, 8274, 'Raka', 1),
  (311, 1381, 'Rakek', 1),
  (312, 4283, 'Rateče - Planica', 1),
  (313, 2390, 'Ravne na Koroškem', 1),
  (314, 9246, 'Razkrižje', 1),
  (315, 3332, 'Rečica ob Savinji', 1),
  (316, 5292, 'Renče', 1),
  (317, 1310, 'Ribnica', 1),
  (318, 2364, 'Ribnica na Pohorju', 1),
  (319, 3272, 'Rimske Toplice', 1),
  (320, 1314, 'Rob', 1),
  (321, 5215, 'Ročinj', 1),
  (322, 3250, 'Rogaška Slatina', 1),
  (323, 9262, 'Rogašovci', 1),
  (324, 3252, 'Rogatec', 1),
  (325, 1373, 'Rovte', 1),
  (326, 2342, 'Ruše', 1),
  (327, 1282, 'Sava', 1),
  (328, 6333, 'Sečovlje/Sicciole', 1),
  (329, 4227, 'Selca', 1),
  (330, 2352, 'Selnica ob Dravi', 1),
  (331, 8333, 'Semič', 1),
  (332, 8281, 'Senovo', 1),
  (333, 6224, 'Senožeče', 1),
  (334, 8290, 'Sevnica', 1),
  (335, 6210, 'Sežana', 1),
  (336, 2214, 'Sladki Vrh', 1),
  (337, 5283, 'Slap ob Idrijci', 1),
  (338, 2380, 'Slovenj Gradec', 1),
  (339, 2310, 'Slovenska Bistrica', 1),
  (340, 3210, 'Slovenske Konjice', 1),
  (341, 1216, 'Smlednik', 1),
  (342, 5232, 'Soča', 1),
  (343, 1317, 'Sodražica', 1),
  (344, 3335, 'Solčava', 1),
  (345, 5250, 'Solkan', 1),
  (346, 4229, 'Sorica', 1),
  (347, 4225, 'Sovodenj', 1),
  (348, 5281, 'Spodnja Idrija', 1),
  (349, 2241, 'Spodnji Duplek', 1),
  (350, 9245, 'Spodnji Ivanjci', 1),
  (351, 2277, 'Središče ob Dravi', 1),
  (352, 4267, 'Srednja vas v Bohinju', 1),
  (353, 8256, 'Sromlje', 1),
  (354, 5224, 'Srpenica', 1),
  (355, 1242, 'Stahovica', 1),
  (356, 1332, 'Stara Cerkev', 1),
  (357, 8342, 'Stari trg ob Kolpi', 1),
  (358, 1386, 'Stari trg pri Ložu', 1),
  (359, 2205, 'Starše', 1),
  (360, 2289, 'Stoperce', 1),
  (361, 8322, 'Stopiče', 1),
  (362, 3206, 'Stranice', 1),
  (363, 8351, 'Straža', 1),
  (364, 1313, 'Struge', 1),
  (365, 8293, 'Studenec', 1),
  (366, 8331, 'Suhor', 1),
  (367, 2233, 'Sv. Ana v Slovenskih goricah', 1),
  (368, 2235, 'Sv. Trojica v Slovenskih goricah', 1),
  (369, 2353, 'Sveti Duh na Ostrem Vrhu', 1),
  (370, 9244, 'Sveti Jurij ob Ščavnici', 1),
  (371, 3264, 'Sveti Štefan', 1),
  (372, 2258, 'Sveti Tomaž', 1),
  (373, 9204, 'Šalovci', 1),
  (374, 5261, 'Šempas', 1),
  (375, 5290, 'Šempeter pri Gorici', 1),
  (376, 3311, 'Šempeter v Savinjski dolini', 1),
  (377, 4208, 'Šenčur', 1),
  (378, 2212, 'Šentilj v Slovenskih goricah', 1),
  (379, 8297, 'Šentjanž', 1),
  (380, 2373, 'Šentjanž pri Dravogradu', 1),
  (381, 8310, 'Šentjernej', 1),
  (382, 3230, 'Šentjur', 1),
  (383, 3271, 'Šentrupert', 1),
  (384, 8232, 'Šentrupert', 1),
  (385, 1296, 'Šentvid pri Stični', 1),
  (386, 8275, 'Škocjan', 1),
  (387, 6281, 'Škofije', 1),
  (388, 4220, 'Škofja Loka', 1),
  (389, 3211, 'Škofja vas', 1),
  (390, 1291, 'Škofljica', 1),
  (391, 6274, 'Šmarje', 1),
  (392, 1293, 'Šmarje - Sap', 1),
  (393, 3240, 'Šmarje pri Jelšah', 1),
  (394, 8220, 'Šmarješke Toplice', 1),
  (395, 2315, 'Šmartno na Pohorju', 1),
  (396, 3341, 'Šmartno ob Dreti', 1),
  (397, 3327, 'Šmartno ob Paki', 1),
  (398, 1275, 'Šmartno pri Litiji', 1),
  (399, 2383, 'Šmartno pri Slovenj Gradcu', 1),
  (400, 3201, 'Šmartno v Rožni dolini', 1),
  (401, 3325, 'Šoštanj', 1),
  (402, 6222, 'Štanjel', 1),
  (403, 3220, 'Štore', 1),
  (404, 3304, 'Tabor', 1),
  (405, 3221, 'Teharje', 1),
  (406, 9251, 'Tišina', 1),
  (407, 5220, 'Tolmin', 1),
  (408, 3326, 'Topolšica', 1),
  (409, 2371, 'Trbonje', 1),
  (410, 1420, 'Trbovlje', 1),
  (411, 8231, 'Trebelno', 1),
  (412, 8210, 'Trebnje', 1),
  (413, 5252, 'Trnovo pri Gorici', 1),
  (414, 2254, 'Trnovska vas', 1),
  (415, 1222, 'Trojane', 1),
  (416, 1236, 'Trzin', 1),
  (417, 4290, 'Tržič', 1),
  (418, 8295, 'Tržišče', 1),
  (419, 1311, 'Turjak', 1),
  (420, 9224, 'Turnišče', 1),
  (421, 8323, 'Uršna sela', 1),
  (422, 1252, 'Vače', 1),
  (423, 3320, 'Velenje', 1),
  (424, 8212, 'Velika Loka', 1),
  (425, 2274, 'Velika Nedelja', 1),
  (426, 9225, 'Velika Polana', 1),
  (427, 1315, 'Velike Lašče', 1),
  (428, 8213, 'Veliki Gaber', 1),
  (429, 9241, 'Veržej', 1),
  (430, 1312, 'Videm - Dobrepolje', 1),
  (431, 2284, 'Videm pri Ptuju', 1),
  (432, 8344, 'Vinica', 1),
  (433, 5271, 'Vipava', 1),
  (434, 4212, 'Visoko', 1),
  (435, 1294, 'Višnja Gora', 1),
  (436, 3205, 'Vitanje', 1),
  (437, 2255, 'Vitomarci', 1),
  (438, 1217, 'Vodice', 1),
  (439, 3212, 'Vojnik', 1),
  (440, 5293, 'Volčja Draga', 1),
  (441, 2232, 'Voličina', 1),
  (442, 3305, 'Vransko', 1),
  (443, 6217, 'Vremski Britof', 1),
  (444, 1360, 'Vrhnika', 1),
  (445, 2365, 'Vuhred', 1),
  (446, 2367, 'Vuzenica', 1),
  (447, 8292, 'Zabukovje', 1),
  (448, 1410, 'Zagorje ob Savi', 1),
  (449, 1303, 'Zagradec', 1),
  (450, 2283, 'Zavrč', 1),
  (451, 8272, 'Zdole', 1),
  (452, 4201, 'Zgornja Besnica', 1),
  (453, 2242, 'Zgornja Korena', 1),
  (454, 2201, 'Zgornja Kungota', 1),
  (455, 2316, 'Zgornja Ložnica', 1),
  (456, 2314, 'Zgornja Polskava', 1),
  (457, 2213, 'Zgornja Velka', 1),
  (458, 4247, 'Zgornje Gorje', 1),
  (459, 4206, 'Zgornje Jezersko', 1),
  (460, 2285, 'Zgornji Leskovec', 1),
  (461, 1432, 'Zidani Most', 1),
  (462, 3214, 'Zreče', 1),
  (463, 4209, 'Žabnica', 1),
  (464, 3310, 'Žalec', 1),
  (465, 4228, 'Železniki', 1),
  (466, 2287, 'Žetale', 1),
  (467, 4226, 'Žiri', 1),
  (468, 4274, 'Žirovnica', 1),
  (469, 8360, 'Žužemberk', 1);

INSERT INTO `tpo`.`nacin_studija`
(`ID_NACIN`,`OPIS_NACIN`,`ANG_OPIS_NACIN`,`AKTIVNOST`)VALUES
  (1,'redni','full-time',1),
  (2,'izredni','part-time',1);


INSERT INTO `tpo`.`oblika_studija`
(`ID_OBLIKA`,`NAZIV_OBLIKA`,`ANG_OPIS_OBLIKA`,`AKTIVNOST`)VALUES
  (1,'na lokaciji','on site','e-learning'),
  (2,'na daljavo','distance learning','e-learning'),
  (3,'e-studij','e-studij','e-learning');

INSERT INTO `tpo`.`vrsta_vpisa`
(`ID_VRSTAVPISA`,`OPIS_VPISA`,`AKTIVNOST`)VALUES
  (1,'Prvi vpis v letnik',1),
  (2,'Ponavlanje letnika',1),
  (3,'Prvi vpis v letnik/dodatno leto',1);

INSERT INTO `tpo`.`stopnja`(`ID_STOPNJA`, `NAZIV`,`SIFRA`,`MOZEN_VPIS`)VALUES
  (1,'Stari dodiplomski program-uni','123',0),
  (2,'Stari dodiplomski-visokosolski', '123',0),
  (3,'1. stopnja', '123',1),
  (4,'2. stopnja', '123',1),
  (5,'3. stopnja', '123',1),
  (6,'EM', '123',1),
  (7,'Stari magistrski studij', '123',0),
  (8,'Stari doktorski studij', '123',0);

INSERT INTO `tpo`.`program`(`ID_PROGRAM`, `ID_STOPNJA`, `SIFRA_PROGRAM`, `NAZIV_PROGRAM`,
                            `ST_SEMESTROV`,`SIFRA_EVS`,`AKTIVNOST`)VALUES
  (1,8,'LE','INF. SISTEMI IN ODLOČANJE - DR',4,1000479,1),
  (2,7,'L3','INFORMAC. SISTEMI IN ODLOČANJE - MAG',4,1000480,1),
  (3,4,'X5','Kognitivna znanost MAG II. st.',4,1000472,1),
  (4,3,'MM', 'Multimedija UN 1. st.',6,1001001,1),
  (5,4,'7002801','PEDAGOŠKO RAČ. IN INF. MAG-II. st.',4,1000977,1),
  (6,1,'L2','RAČUNAL. IN INFROMATIKA UN',9,1000475,1),
  (7,1,'P7','RAČUNAL. IN MATEMATIKA UN',8,1000425,1),
  (8,2,'HB','RAČUNAL. IN INFORMATIKA VS',6,1000477,1),
  (9,3,'VV','RAČUNAL. IN MATEMA. UN-I.ST',6,1000407,1),
  (10,4,'L1','RAČUNALN. IN INFORM. MAG II.ST',4,1000471,1),
  (11,3,'VT','RAČUNALN. IN INFORM. UN-I.ST',6,1000468,1),
  (12,3,'VU','RAČUNALN. IN INFORM. VS-I.ST',6,1000470,1),
  (13,5,'X6','RAČUNALNIŠ. IN INF. DR-III ST.',6,1000474,1),
  (14,8,'7E','RAČUNALNIŠTVO IN INF. - DR', 4,1000478,1),
  (15,7,'71','RAČUNALNIŠTVO IN INF. - MAG',4,1000481,1),
  (16,3,'02','RAČUNALNIŠTVO IN INF. - VIS',8,1,1),
  (17,3,'03','RAČUNALNIŠTVO IN INF. - VŠ',4,1,1),
  (18,4,'KP00','Račnalništvo in matematika MAG II. st.',4,1000934,1),
  (19,3,'Z2','Upravna informatika UN 1. st.',6,1000469,1),
  (20,5,'XU','Humanistika in družb.-DR. III',6,1,1);

INSERT INTO `tpo`.`studijsko_leto`(`ID_STUD_LETO`, `STUD_LETO`)VALUES
  (1,"2016/17"),
  (2,"2017/18"),
  (3,"2018/19"),
  (4,"2019/20"),
  (5,"2020/21"),
  (6,"2021/22"),
  (7,"2022/23"),
  (8,"2023/24");

INSERT INTO `tpo`.`oseba`(`ID_OSEBA`,`EMAIL`,`UPORABNISKO_IME`,`GESLO`,`VRSTA_VLOGE`,`IME`,`PRIIMEK`,`TELEFONSKA_STEVILKA`)VALUES

  (1,'testS', 'testS', '123456', 's', '1Janez', 'Novak','040040040'),
  (2,'testP', 'testP', '123456', 'p', 'An', 'Ban','030030030'),
  (3,'testR', 'testR', '123456', 'r', 'Ancka', 'Novak','050505050'),
  (4,'testS2', 'testS2', '123456', 's', '1Janezek', 'Novakovic','123581321'),
  (5,'testA', 'testA', '123456', 'a', 'Admin', 'Admin','123581321'),
  (6,'testK', 'testK', '123456', 'k', 'kIme', 'kPriimek','123456789'),
  (7,'Luka', 'LukaS', '123456', 's', '1PonavljalecLuka', 'An','04004001'),
  (8,'Miha', 'MihaS', '123456', 's', '1MihanNad8,5', 'Ban','040040042'),
  (9,'Maja', 'MajaS', '123456', 's', '1MajaPavzer', 'Cankar','040040043'),
  (10,'Špela', 'ŠpelaS', '123456', 's', '2ŠpelaNad8,5', 'Čopkič','040040044'),
  (11,'Sara', 'SaraS', '123456', 's', '2SaraPonavljalec', 'Dragovan','040040045'),
  (12,'Nik', 'NikS', '123456', 's', '2NikPavzer', 'Engelj','040040046'),
  (13,'Marko', 'MarkoP', '123456', 'p', 'Marko', 'Poženel','040040040'),
  (14,'Luka', 'LukaP', '123456', 'p', 'Luka', 'Fuerst','040040040'),

  (15,'Jan', 'JanS', '123456', 's', '4JanAbsolvent', 'Ferlič','040040045'),
  (16,'Mojca', 'MojcaS', '123456', 's', '2MojcaPogojnoNaprej', 'Golaž','040040045'),
  (17,'Nino', 'NinoS', '123456', 's', '3Nino', 'Hovelja','040040045'),
  (18,'Jože', 'JožeS', '123456', 's', '1JožePonavljalecNaredl7', 'Indijanec','040040045'),
  (19,'Klemen', 'KlemenS', '123456', 's', '2KlemenPonavljalecNaredl4', 'Klemen','040040045'),
  (20,'Tadej', 'TadejS', '123456', 's', '2TadejZamenjalProgram', 'Lindič','040040045'),
  (21,'Jure', 'JureS', '123456', 's', 'Jure', 'Mohar','040040045'),
  (22,'Anja', 'AnjaS', '123456', 's', 'Anja', 'Novak','040040045'),
  (23,'Svit', 'SvitS', '123456', 's', 'Svit', 'Oblak','040040045'),
  (24,'David', 'DavidS', '123456', 's', 'David', 'Pahor','040040045'),
  (25,'Martin', 'MartinS', '123456', 's', 'Martin', 'Rešetič','040040045'),
  (26,'Manca', 'MancaS', '123456', 's', 'Manca', 'Srečko','040040045'),
  (27,'Tjaša', 'TjašaS', '123456', 's', 'Tjaša', 'Šenica','040040045'),
  (28,'Benjamin', 'Benjamin', '123456', 's', 'Testen', 'Dragovan','040040045'),
  (29,'GašperF','GašperF','123456','p','Gašper','Fijavž','040502896'),
  (30,'PolonaO','PolonaO','123456','p','Polona','Oblak','040502896'),
  (31,'VilijanM','VilijanM','123456','p','Vilijan','Mahnič','040502896'),
  (32,'NikolajZ','NikolajZ','123456','p','Nikolaj','Zimic','040502896'),
  (33,'IrenaD','IrenaD','123456','p','Irena','Drvenšek','040502896'),
  (34,'BoštijanS','BoštijanS','123456','p','Boštijan','Slivnik','040502896'),
  (35,'BrankoŠ','BrankoŠ','123456','p','Branko','Šter','040502896'),
  (36,'ZoranB','ZoranB','123456','p','Zoran','Bosnič','040502896'),
  (37,'DejanL','DejanL','123456','p','Dejan','Lavbič','040502896'),
  (38,'BojanO','BojanO','123456','p','Bojan','Orel','040502896');
# absolvent, pogojnoNaprej, PonavljalecNaredl7, zamenjalProgram
# preverjanje login:
# uporabnisko ime=testS  geslo='123456'
# VRSTA_VLOGE: admin='a', referat='r', profesor='p', student='s' in kandidat='k'


# Inserti preko import fila
INSERT INTO `tpo`.`kandidat`(`ID_KANDIDAT`, `ID_PROGRAM`, `ID_OSEBA`, `ID_STUD_LETO`, `IZKORISCEN`, `EMSO`, `VPISNA_STEVILKA`) VALUES
  (1,11,1,2,1,2505996500532,63150000),
  (2,11,4,2,1,1234567891234,63150001),
  (3,11,6,2,1,2505996500532,63150002);

INSERT INTO `tpo`.`PREDMET`
(`ID_PREDMET`, `IME_PREDMET`, `AKTIVNOST`)
VALUES

  (1,'Tehnologija Programske Opreme', 1),
  (2,'Postopki Razvoja Programke Opreme', 1),
  (3,'Spletno Progrmiranje', 1),

  (4,'Elektronsko Poslovanje', 1),
  (5,'Organizacija in Management', 1),
  (6,'Programiranje 1', 1),
  (7,'Principi Programskih Jezikov', 1),

  (8,'Sport', 1),

  (9,'Osnove Matematične Analize', 1),
  (10,'Diskretne Strukture', 1),
  (11,'Osnove Digitalnih Vezji', 1),
  (12,'Fizika', 1),
  (13,'Programiranje 2', 1),
  (14,'Linearna Algebra', 1),
  (15,'Arhitekrura Računalniških Sistemov', 1),
  (16,'Računalniške Komunikacije', 1),
  (17,'Osnove Informacijskih Sistemov', 1),

  (18,'Algoritmi in Podatkovne Strukture 1', 1),
  (19,'Algoritmi in Podatkovne Strukture 2', 1),
  (20,'Osnove Podatkovnih Baz', 1),
  (21,'Verjetnost in Statistika', 1),
  (22,'Izračunljivost in Računska Zahtevnost', 1),
  (23,'Teorija Informacij in Sistemov', 1),
  (24,'Opreacijski Sistemi', 1),
  (25,'Organizacija Računalniških Sistemov', 1),
  (26,'Multi Medija', 1),
  (27,'Računalniške Tehnologije', 1),


  (29,'Tehnologija Upravljanja Podatkov', 1),
  (30,'Razvoj Informacijskih Sistemov', 1),
  (31,'Planiranje in Upravljanje Informatike', 1),

  (32,'Komunikacijski Protokoli', 1),
  (33,'Brezžična in Mobilna Omrežja', 1),
  (34,'Modeliranje Računalniških Omrežji', 1),

  (35,'Zanesljivost in zmogljivost računalniških sistemov', 1),
  (36,'Digitalno načrtovanje', 1),
  (37,'Porazdeljeni sistemi', 1),

  (39,'Sistemska programska oprema', 1),
  (40,'Računska zahtevnost in hevristično programiranje', 1),
  (38,'Prevajalniki', 1),

  (41,'Razvoj Inteligentnih Sistemov', 1),
  (42,'Inteligentni Sistemi', 1),
  (43,'Umetno Zaznavanje', 1),

  (44,'Osnove Oblikovanja', 1),
  (45,'Multimedijski sistemi', 1),
  (46,'Računalniška grafika in tehnologija iger', 1),

  (47,'Osnove Umetne Inteligence', 1),
  (48,'Ekonomika in Podjetništvo ', 1),
  (49,'Diplomski seminar', 1),
  (53,'Uvod v odkrivanje znanj iz podatkov', 1),
  (54,'Matematično modeliranje', 1),

  (50,'AJ-A', 1),
  (51,'AJ-B', 1),
  (52,'AJ-C', 1);

INSERT INTO `tpo`.`del_predmetnika`
(`ID_DELPREDMETNIKA`, `NAZIV_DELAPREDMETNIKA`, `SKUPNOSTEVILOKT`, `TIP`, `AKTIVNOST`)
VALUES
  (3, "Obvezni predmet", 6, 'o', 1),
  (4, "Strokovni izbirni predmet", 6, 'st', 1),
  (5, "Splosno izbirni predmet", 6, 'sp', 1),

  (1, "Razvoj programske opreme", 18, 'm', 1),
  (2, "Informacijski sistemi", 18, 'm', 1),
  (6, "Obvladovanje informatike", 18, 'm', 1),
  (7, "Razvoj programske opreme", 18, 'm', 1),
  (8, "Računalniška omrežja", 18, 'm', 1),
  (9, "Računalniški sistemi", 18, 'm', 1),
  (10, "Algoritmi in sistemski programi", 18, 'm', 1),
  (11, "Umetna inteligenca", 18, 'm', 1),
  (12, "Medijske tehnologije", 18, 'm', 1);

INSERT INTO `tpo`.`predmetnik`
(`ID_PREDMET`, `ID_DELPREDMETNIKA`, `ID_LETNIK`, `ID_STUD_LETO`, `ID_PROGRAM`, `AKTIVNOST`)
VALUES
  (1 , 1, 3, 2, 11, 1),
  (2 , 1, 3, 2, 11, 1),
  (3 , 1, 3, 2, 11, 1),
  (4 , 2, 3, 2, 11, 1),
  (5 , 2, 3, 2, 11, 1),
  (6 , 3, 1, 2, 11, 1),
  (7 , 4, 3, 2, 11, 1),
  (8 , 5, 3, 2, 11, 1),

  (9 , 3, 1, 2, 11, 1),
  (10, 3, 1, 2, 11, 1),
  (11, 3, 1, 2, 11, 1),
  (12, 3, 1, 2, 11, 1),
  (13, 3, 1, 2, 11, 1),
  (14, 3, 1, 2, 11, 1),
  (15, 3, 1, 2, 11, 1),
  (16, 3, 1, 2, 11, 1),
  (17, 3, 1, 2, 11, 1),


  (18, 3, 2, 2, 11, 1),
  (19, 3, 2, 2, 11, 1),
  (20, 3, 2, 2, 11, 1),
  (21, 3, 2, 2, 11, 1),
  (22, 3, 2, 2, 11, 1),
  (23, 3, 2, 2, 11, 1),
  (24, 3, 2, 2, 11, 1),
  (25, 3, 2, 2, 11, 1),
  (26, 3, 2, 2, 11, 1),
  (27, 3, 2, 2, 11, 1),
  (7,  3, 2, 2, 11, 1),
  (25, 3, 2, 2, 11, 1),

  (30, 6, 2, 2, 11, 1),
  (31, 6, 2, 2, 11, 1),
  (32, 8, 2, 2, 11, 1),
  (33, 8, 2, 2, 11, 1),
  (34, 8, 2, 2, 11, 1),
  (35, 9, 2, 2, 11, 1),
  (36, 9, 2, 2, 11, 1),
  (37, 9, 2, 2, 11, 1),
  (38, 10,2, 2, 11, 1),
  (39, 10,2, 2, 11, 1),
  (40, 10,2, 2, 11, 1),
  (41, 11,2, 2, 11, 1),
  (42, 11,2, 2, 11, 1),
  (43, 11,2, 2, 11, 1),
  (44, 12,2, 2, 11, 1),
  (45, 12,2, 2, 11, 1),
  (46, 12,2, 2, 11, 1),
  (47, 3, 2, 2, 11, 1),
  (48, 3, 2, 2, 11, 1),
  (49, 3, 2, 2, 11, 1),
  (50, 5, 2, 2, 11, 1),
  (51, 5, 2, 2, 11, 1),
  (52, 5, 2, 2, 11, 1),
  (53, 2, 2, 2, 11, 1),
  (54, 4, 2, 2, 11, 1),



  #leto

  (1 , 1, 3, 3, 11, 1),
  (2 , 1, 3, 3, 11, 1),
  (3 , 1, 3, 3, 11, 1),
  (4 , 2, 3, 3, 11, 1),
  (5 , 2, 3, 3, 11, 1),
  (6 , 3, 1, 3, 11, 1),
  (7 , 4, 3, 3, 11, 1),
  (8 , 5, 3, 3, 11, 1),

  (9 , 3, 1, 3, 11, 1),
  (10, 3, 1, 3, 11, 1),
  (11, 3, 1, 3, 11, 1),
  (12, 3, 1, 3, 11, 1),
  (13, 3, 1, 3, 11, 1),
  (14, 3, 1, 3, 11, 1),
  (15, 3, 1, 3, 11, 1),
  (16, 3, 1, 3, 11, 1),
  (17, 3, 1, 3, 11, 1),


  (18, 3, 2, 3, 11, 1),
  (19, 3, 2, 3, 11, 1),
  (20, 3, 2, 3, 11, 1),
  (21, 3, 2, 3, 11, 1),
  (22, 3, 2, 3, 11, 1),
  (23, 3, 2, 3, 11, 1),
  (24, 3, 2, 3, 11, 1),
  (25, 3, 2, 3, 11, 1),
  (26, 3, 2, 3, 11, 1),
  (27, 3, 2, 3, 11, 1),
  (7,  3, 2, 3, 11, 1),
  (25, 3, 2, 3, 11, 1),

  (30, 6, 2, 3, 11, 1),
  (31, 6, 2, 3, 11, 1),
  (32, 8, 2, 3, 11, 1),
  (33, 8, 2, 3, 11, 1),
  (34, 8, 2, 3, 11, 1),
  (35, 9, 2, 3, 11, 1),
  (36, 9, 2, 3, 11, 1),
  (37, 9, 2, 3, 11, 1),
  (38, 10,2, 3, 11, 1),
  (39, 10,2, 3, 11, 1),
  (40, 10,2, 3, 11, 1),
  (41, 11,2, 3, 11, 1),
  (42, 11,2, 3, 11, 1),
  (43, 11,2, 3, 11, 1),
  (44, 12,2, 3, 11, 1),
  (45, 12,2, 3, 11, 1),
  (46, 12,2, 3, 11, 1),
  (47, 3, 2, 3, 11, 1),
  (48, 3, 2, 3, 11, 1),
  (49, 3, 2, 3, 11, 1),
  (50, 5, 2, 3, 11, 1),
  (51, 5, 2, 3, 11, 1),
  (52, 5, 2, 3, 11, 1),
  (53, 2, 2, 3, 11, 1),
  (54, 4, 2, 3, 11, 1),

#leto1


  (1 , 1, 3, 1, 11, 1),
  (2 , 1, 3, 1, 11, 1),
  (3 , 1, 3, 1, 11, 1),
  (4 , 2, 3, 1, 11, 1),
  (5 , 2, 3, 1, 11, 1),
  (6 , 3, 1, 1, 11, 1),
  (7 , 4, 3, 1, 11, 1),
  (8 , 5, 3, 1, 11, 1),

  (9 , 3, 1, 1, 11, 1),
  (10, 3, 1, 1, 11, 1),
  (11, 3, 1, 1, 11, 1),
  (12, 3, 1, 1, 11, 1),
  (13, 3, 1, 1, 11, 1),
  (14, 3, 1, 1, 11, 1),
  (15, 3, 1, 1, 11, 1),
  (16, 3, 1, 1, 11, 1),
  (17, 3, 1, 1, 11, 1),


  (18, 3, 2, 1, 11, 1),
  (19, 3, 2, 1, 11, 1),
  (20, 3, 2, 1, 11, 1),
  (21, 3, 2, 1, 11, 1),
  (22, 3, 2, 1, 11, 1),
  (23, 3, 2, 1, 11, 1),
  (24, 3, 2, 1, 11, 1),
  (25, 3, 2, 1, 11, 1),
  (26, 3, 2, 1, 11, 1),
  (27, 3, 2, 1, 11, 1),
  (7,  3, 2, 1, 11, 1),
  (25, 3, 2, 1, 11, 1),

  (30, 6, 2, 1, 11, 1),
  (31, 6, 2, 1, 11, 1),
  (32, 8, 2, 1, 11, 1),
  (33, 8, 2, 1, 11, 1),
  (34, 8, 2, 1, 11, 1),
  (35, 9, 2, 1, 11, 1),
  (36, 9, 2, 1, 11, 1),
  (37, 9, 2, 1, 11, 1),
  (38, 10,2, 1, 11, 1),
  (39, 10,2, 1, 11, 1),
  (40, 10,2, 1, 11, 1),
  (41, 11,2, 1, 11, 1),
  (42, 11,2, 1, 11, 1),
  (43, 11,2, 1, 11, 1),
  (44, 12,2, 1, 11, 1),
  (45, 12,2, 1, 11, 1),
  (46, 12,2, 1, 11, 1),
  (47, 3, 2, 1, 11, 1),
  (48, 3, 2, 1, 11, 1),
  (49, 3, 2, 1, 11, 1),
  (50, 5, 2, 1, 11, 1),
  (51, 5, 2, 1, 11, 1),
  (52, 5, 2, 1, 11, 1),
  (53, 2, 2, 1, 11, 1),
  (54, 4, 2, 1, 11, 1);;
INSERT INTO `tpo`.`IZVEDBA_PREDMETA`
(`ID_IZVEDBA`, `ID_STUD_LETO`, `ID_OSEBA1`, `ID_OSEBA2`, `ID_OSEBA3`, `ID_PREDMET`)
VALUES
  (1, 1, 2, 13, 14, 1),
  (2, 1, 2, NULL, NULL, 6),
  (3, 1, 13, 14, NULL, 4),
  (4, 1, 14, NULL, NULL, 12),


  (5, 2, 2, 13, 14, 1),
  (6, 2, 2, NULL, NULL, 6),
  (7, 2, 13, 14, NULL, 4),
  (8, 2, 14, NULL, NULL, 12),


  (9, 3, 2, 13, 14, 1),
  (10, 3, 2, NULL, NULL, 6),
  (11, 3, 13, 14, NULL, 4),
  (12, 3, 14, NULL, NULL, 12),

  (13,2,29,NULL,NULL,10),
  (14,2,30,NULL,NULL,9),
  (15,2,32,NULL,NULL,11),
  (16,2,34,NULL,NULL,13),
  (17,2,35,NULL,NULL,15),
  (18,2,36,NULL,NULL,16),
  (19,2,37,NULL,NULL,17),
  (20,2,38,NULL,NULL,14);

INSERT INTO `tpo`.`vpis`(`ID_VPIS`,`ID_PROGRAM`,`ID_NACIN`,`ID_STUD_LETO`,`ID_VRSTAVPISA`,
                         `ID_OBLIKA`,`ID_LETNIK`,`POTRJENOST_VPISA`,`VPISNA_STEVILKA`)VALUES
  (1,11,1, 1,1,1,1,1,63150000),
  (2,11,1, 1,1,1,1,1,63150001),
  (3,11,1, 1,1,1,1,1,63150002),
  (4,11,1, 1,1,1,1,1,63150003),
  #(5,11,1,1,1,1,1,1,63150004),

  (6,11,1, 1,1,1,2,1,63150005),
  (7,11,1, 1,1,1,2,1,63150006),
  #(8,11,1,1,1,1,2,1,63150007),


  (9,11,1, 1,1,1,3,1,63150008),
  (10,11,1,1,1,1,2,1,63150009),
  (11,11,1,1,1,1,3,1,63150010),
  (12,11,1,1,1,1,1,1,63150011),
  (13,11,1,1,1,1,2,1,63150012),
  (14,11,1,1,1,1,2,1,63150013),

  (15,11,1,1,1,1,2,1,63150014),
  (16,11,1,1,1,1,2,1,63150015),
  (17,11,1,1,1,1,2,1,63150016),
  (18,11,1,1,1,1,2,1,63150017),
  (19,11,1,1,1,1,2,1,63150018),
  (20,11,1,1,1,1,2,1,63150019),
  (21,11,1,1,1,1,2,1,63150020);

INSERT INTO `tpo`.`student`
(`VPISNA_STEVILKA`,`ID_OSEBA`,`ID_KANDIDAT`,`ID_VPIS`,`EMSO`,`ID_PROGRAM`,
 `VSOTA_OPRAVLJENIH_KREDITNIH_TOCK`,`POVPRECNA_OCENA_OPRAVLJENIH_IZPITOV`)VALUES

  (63150000,1,1,1,2505996500510,11,60,10),
  (63150001,4,2,2,1234567891211,11,60,6),
  (63150002,7,2,2,1234567891212,11,36,6),
  (63150003,8,2,2,1234567891213,11,60,10),
  (63150004,9,2,2,1234567891214,11,12,7),
  (63150005,10,2,2,1234567891215,11,120,9.33),
  (63150006,11,2,2,1234567891216,11,100,8.20),
  (63150007,12,2,2,1234567891217,11,66,7.3),
  (63150008,15,2,2,1234567891218,11,180,6),
  (63150009,16,2,2,1234567891219,11,54,7.7),
  (63150010,17,2,2,1234567891220,11,114,8),
  (63150011,18,2,2,1234567891221,11,42,7),
  (63150012,19,2,2,1234567891222,11,24,6),
  (63150013,20,2,2,1234567891223,12,120,6),
  (63150014,21,2,2,1234567891224,11,120,6),
  (63150015,22,2,2,1234567891225,11,120,6),
  (63150021,23,2,2,1234567891226,11,120,6),
  (63150016,24,2,2,1234567891227,11,120,6),
  (63150017,25,2,2,1234567891228,11,120,6),
  (63150018,26,2,2,1234567891229,11,120,6),
  (63150019,27,2,2,12345678912330,11,120,6),
  (63150020,28,2,2,12345678912331,11,120,6);


INSERT INTO `tpo`.`naslov`(`ID_NASLOV`, `ID_POSTA`,`ID_OBCINA`,`ID_DRZAVA`,`ID_OSEBA`,
                           `JE_ZAVROCANJE`,`JE_STALNI`,`ULICA`,`HISNA_STEVILKA`)VALUES
  (1,1,1,705,1,1,0,'naslovzavrocanje',13),
  (2,1,1,705,1,0,1,'stalninaslov',12),
  (3,2,1,705,4,0,1,'zaVrocanje Ulica',12),
  (4,2,1,705,4,0,1,'stalna Ulica',12);


INSERT INTO  `tpo`.`zeton`
(`ID_OSEBA`, `ID_LETNIK`, `ID_STUD_LETO`, `ID_OBLIKA`, `ID_NACIN`, `ID_VRSTAVPISA`, `ID_PROGRAM`,`IZKORISCEN`, `AKTIVNOST`)
VALUES
  (1,1,1,1,1,1,3,0,1),
  (4,1,1,1,1,1,3,0,1),
  (7,1,1,1,1,2,3,1,0),
  (8,1,1,1,1,1,3,1,0),
  (10,2,1,1,1,1,3,1,0),
  (11,2,1,1,1,1,3,1,0),


  (15,3,1,1,1,1,3,1,0),
  (16,2,1,1,1,2,3,1,0),
  (17,3,1,1,1,2,3,1,0),
  (18,1,1,1,1,1,3,1,0),
  (19,2,1,1,1,1,3,1,0),
  (20,2,1,1,1,1,3,1,0),
  (21,2,1,1,1,1,3,1,0),
  (22,2,1,1,1,1,3,1,0),
  (23,2,1,1,1,1,3,1,0),
  (24,2,1,1,1,1,3,1,0),
  (25,2,1,1,1,1,3,1,0),
  (26,2,1,1,1,1,3,1,0),
  (27,2,1,1,1,1,3,1,0),
  (28,2,1,1,1,1,3,1,0);

INSERT INTO tpo.rok
(ID_ROK, ID_IZVEDBA, DATUM_ROKA, CAS_ROKA, AKTIVNOST)
VALUES
  (1,2,"2018-01-13", "10:00:00", 1),
  (2,2,"2018-01-25", "11:00:00", 1),
  (3,2,"2018-09-25", "12:00:00", 1),
  (4,3,"2018-01-12", "12:00:00", 1);



INSERT INTO `predmeti_studenta`
( `VPISNA_STEVILKA`, `ID_PREDMET`, `ID_STUD_LETO`,`OCENA`)
VALUES
  (63150000, 6,2 ,6),
  (63150000, 9,2 ,6),
  (63150000, 10,2,6),
  (63150000, 11,2,6),
  (63150000, 12,2,6),
  (63150000, 13,2,6),
  (63150000, 14,2,6),
  (63150000, 15,2,6),
  (63150000, 16,2,6),
  (63150000, 17,2,6),


  (63150001, 6,2 ,8),
  (63150001, 9,2 ,8),
  (63150001, 10,2,8),
  (63150001, 11,2,8),
  (63150001, 12,2,8),
  (63150001, 13,2,8),
  (63150001, 14,2,8),
  (63150001, 15,2,8),
  (63150001, 16,2,8),
  (63150001, 17,2,8),



  (63150002, 6,2 ,7),
  (63150002, 9,2 ,7),
  (63150002, 10,2,5),
  (63150002, 11,2,7),
  (63150002, 12,2,7),
  (63150002, 13,2,7),
  (63150002, 14,2,5),
  (63150002, 15,2,7),
  (63150002, 16,2,7),
  (63150002, 17,2,5),



  (63150003, 6,2 ,10),
  (63150003, 9,2 ,10),
  (63150003, 10,2,10),
  (63150003, 11,2,10),
  (63150003, 12,2,10),
  (63150003, 13,2,10),
  (63150003, 14,2,10),
  (63150003, 15,2,10),
  (63150003, 16,2,10),
  (63150003, 17,2,10),



  (63150004, 6,2 ,9),
  (63150004, 9,2 ,9),
  (63150004, 10,2,9),
  (63150004, 11,2,9),
  (63150004, 12,2,9),
  (63150004, 13,2,9),
  (63150004, 14,2,9),
  (63150004, 15,2,9),
  (63150004, 16,2,9),
  (63150004, 17,2,9),



  (63150011, 6,2 ,7),
  (63150011, 9,2 ,7),
  (63150011, 10,2,7),
  (63150011, 11,2,7),
  (63150011, 12,2,7),
  (63150011, 13,2,-1),
  (63150011, 14,2,7),
  (63150011, 15,2,5),
  (63150011, 16,2,7),
  (63150011, 17,2,5),


  (63150005, 18,2,10),

  (63150006, 18,2,7),
  (63150007, 18,2,7),
  (63150012, 18,2,5),
  (63150013, 18,2,7),
  (63150014, 18,2,7),
  (63150015, 18,2,7),
  (63150016, 18,2,7),
  (63150017, 18,2,7),
  (63150018, 18,2,7),
  (63150019, 18,2,7),
  (63150020, 18,2,7),
  (63150005, 19,2,10),
  (63150006, 19,2,-1),
  (63150007, 19,2,7),
  (63150012, 19,2,5),
  (63150013, 19,2,7),
  (63150014, 19,2,7),
  (63150015, 19,2,7),
  (63150016, 19,2,7),
  (63150017, 19,2,7),
  (63150018, 19,2,7),
  (63150019, 19,2,7),
  (63150020, 19,2,7),
  (63150005, 20,2,10),
  (63150006, 20,2,7),
  (63150007, 20,2,7),
  (63150012, 20,2,7),
  (63150013, 20,2,7),
  (63150014, 20,2,7),
  (63150015, 20,2,7),
  (63150016, 20,2,7),
  (63150017, 20,2,7),
  (63150018, 20,2,7),
  (63150019, 20,2,7),
  (63150020, 20,2,7),
  (63150005, 21,2,10),
  (63150006, 21,2,7),
  (63150007, 21,2,7),
  (63150012, 21,2,7),
  (63150013, 21,2,7),
  (63150014, 21,2,7),
  (63150015, 21,2,7),
  (63150016, 21,2,7),
  (63150017, 21,2,7),
  (63150018, 21,2,7),
  (63150019, 21,2,7),
  (63150020, 21,2,7),
  (63150005, 22,2,10),
  (63150006, 22,2,7),
  (63150007, 22,2,7),
  (63150012, 22,2,7),
  (63150013, 22,2,7),
  (63150014, 22,2,7),
  (63150015, 22,2,7),
  (63150016, 22,2,7),
  (63150017, 22,2,7),
  (63150018, 22,2,7),
  (63150019, 22,2,7),
  (63150020, 22,2,7),
  (63150005, 23,2,10),
  (63150006, 23,2,7),
  (63150007, 23,2,7),
  (63150012, 23,2,5),
  (63150013, 23,2,7),
  (63150014, 23,2,7),
  (63150015, 23,2,7),
  (63150016, 23,2,7),
  (63150017, 23,2,7),
  (63150018, 23,2,7),
  (63150019, 23,2,7),
  (63150020, 23,2,7),
  (63150005, 24,2,10),
  (63150006, 24,2,7),
  (63150007, 24,2,7),
  (63150012, 24,2,5),
  (63150013, 24,2,7),
  (63150014, 24,2,7),
  (63150015, 24,2,7),
  (63150016, 24,2,7),
  (63150017, 24,2,7),
  (63150018, 24,2,7),
  (63150019, 24,2,7),
  (63150020, 24,2,7),
  (63150005, 25,2,10),
  (63150006, 25,2,7),
  (63150007, 25,2,7),
  (63150012, 25,2,5),
  (63150013, 25,2,7),
  (63150014, 25,2,7),
  (63150015, 25,2,7),
  (63150016, 25,2,7),
  (63150017, 25,2,7),
  (63150018, 25,2,7),
  (63150019, 25,2,7),
  (63150020, 25,2,7),
  (63150005, 26,2,10),
  (63150006, 26,2,5),
  (63150007, 26,2,7),
  (63150012, 26,2,5),
  (63150013, 26,2,7),
  (63150014, 26,2,7),
  (63150015, 26,2,7),
  (63150016, 26,2,7),
  (63150017, 26,2,7),
  (63150018, 26,2,7),
  (63150019, 26,2,7),
  (63150020, 26,2,7);
